{
  "type": "FeatureCollection",
  "name": "verizon_claim_violations_by_hex",
  "properties": {
    "description": "Measurements vs Verizon's FCC-filed minimum signal, aggregated to the carrier's own H3 res-9 claimed-coverage hexes. One feature per hex that contained at least one below-claim measurement. Individual GPS points, timestamps, and per-point ids are intentionally omitted; the only coordinates are the FCC filing's fixed hex boundaries, so the drive path cannot be reconstructed. Full-precision point data stays local (see mukoo-claims).",
    "environment": 1,
    "min_measurements_per_hex": 3,
    "n_violations": 3115,
    "n_measurements_in_claimed_hexes": 3139,
    "n_hexes_with_a_violation": 453,
    "n_hexes": 214,
    "n_violations_published": 2839,
    "n_measurements_published": 2859
  },
  "features": [
    {
      "type": "Feature",
      "geometry": {
        "type": "Polygon",
        "coordinates": [
          [
            [
              -81.782985,
              32.431438
            ],
            [
              -81.784879,
              32.431971
            ],
            [
              -81.785388,
              32.433729
            ],
            [
              -81.784002,
              32.434954
            ],
            [
              -81.782108,
              32.434422
            ],
            [
              -81.781599,
              32.432663
            ],
            [
              -81.782985,
              32.431438
            ]
          ]
        ]
      },
      "properties": {
        "h3_res9_id": "8944d5a70a3ffff",
        "claimed_minsignal_dbm": -50,
        "n_measurements": 11,
        "n_violations": 11,
        "violation_share": 1.0,
        "avg_measured_dbm": -101.8,
        "worst_measured_dbm": -104.0,
        "avg_gap_db": -51.82,
        "worst_gap_db": -54.0
      }
    },
    {
      "type": "Feature",
      "geometry": {
        "type": "Polygon",
        "coordinates": [
          [
            [
              -81.769676,
              32.403465
            ],
            [
              -81.771569,
              32.403998
            ],
            [
              -81.772077,
              32.405756
            ],
            [
              -81.770692,
              32.406982
            ],
            [
              -81.768799,
              32.406449
            ],
            [
              -81.768291,
              32.404691
            ],
            [
              -81.769676,
              32.403465
            ]
          ]
        ]
      },
      "properties": {
        "h3_res9_id": "8944d5a2927ffff",
        "claimed_minsignal_dbm": -60,
        "n_measurements": 36,
        "n_violations": 36,
        "violation_share": 1.0,
        "avg_measured_dbm": -99.0,
        "worst_measured_dbm": -110.0,
        "avg_gap_db": -39.0,
        "worst_gap_db": -50.0
      }
    },
    {
      "type": "Feature",
      "geometry": {
        "type": "Polygon",
        "coordinates": [
          [
            [
              -81.775356,
              32.405063
            ],
            [
              -81.777249,
              32.405596
            ],
            [
              -81.777758,
              32.407354
            ],
            [
              -81.776373,
              32.40858
            ],
            [
              -81.774479,
              32.408047
            ],
            [
              -81.773971,
              32.406289
            ],
            [
              -81.775356,
              32.405063
            ]
          ]
        ]
      },
      "properties": {
        "h3_res9_id": "8944d5a74cfffff",
        "claimed_minsignal_dbm": -60,
        "n_measurements": 24,
        "n_violations": 24,
        "violation_share": 1.0,
        "avg_measured_dbm": -97.5,
        "worst_measured_dbm": -108.0,
        "avg_gap_db": -37.5,
        "worst_gap_db": -48.0
      }
    },
    {
      "type": "Feature",
      "geometry": {
        "type": "Polygon",
        "coordinates": [
          [
            [
              -81.802889,
              32.416034
            ],
            [
              -81.804784,
              32.416567
            ],
            [
              -81.805293,
              32.418325
            ],
            [
              -81.803907,
              32.419551
            ],
            [
              -81.802013,
              32.419019
            ],
            [
              -81.801504,
              32.41726
            ],
            [
              -81.802889,
              32.416034
            ]
          ]
        ]
      },
      "properties": {
        "h3_res9_id": "8944d5a7593ffff",
        "claimed_minsignal_dbm": -70,
        "n_measurements": 26,
        "n_violations": 26,
        "violation_share": 1.0,
        "avg_measured_dbm": -106.5,
        "worst_measured_dbm": -118.0,
        "avg_gap_db": -36.5,
        "worst_gap_db": -48.0
      }
    },
    {
      "type": "Feature",
      "geometry": {
        "type": "Polygon",
        "coordinates": [
          [
            [
              -81.794803,
              32.412146
            ],
            [
              -81.796697,
              32.412679
            ],
            [
              -81.797206,
              32.414437
            ],
            [
              -81.795821,
              32.415663
            ],
            [
              -81.793926,
              32.415131
            ],
            [
              -81.793418,
              32.413372
            ],
            [
              -81.794803,
              32.412146
            ]
          ]
        ]
      },
      "properties": {
        "h3_res9_id": "8944d5b5b6bffff",
        "claimed_minsignal_dbm": -70,
        "n_measurements": 33,
        "n_violations": 33,
        "violation_share": 1.0,
        "avg_measured_dbm": -102.0,
        "worst_measured_dbm": -115.0,
        "avg_gap_db": -31.97,
        "worst_gap_db": -45.0
      }
    },
    {
      "type": "Feature",
      "geometry": {
        "type": "Polygon",
        "coordinates": [
          [
            [
              -81.782108,
              32.434422
            ],
            [
              -81.784002,
              32.434954
            ],
            [
              -81.784511,
              32.436713
            ],
            [
              -81.783125,
              32.437938
            ],
            [
              -81.781231,
              32.437405
            ],
            [
              -81.780722,
              32.435647
            ],
            [
              -81.782108,
              32.434422
            ]
          ]
        ]
      },
      "properties": {
        "h3_res9_id": "8944d5a70afffff",
        "claimed_minsignal_dbm": -60,
        "n_measurements": 14,
        "n_violations": 14,
        "violation_share": 1.0,
        "avg_measured_dbm": -101.6,
        "worst_measured_dbm": -104.0,
        "avg_gap_db": -41.57,
        "worst_gap_db": -44.0
      }
    },
    {
      "type": "Feature",
      "geometry": {
        "type": "Polygon",
        "coordinates": [
          [
            [
              -81.780582,
              32.429147
            ],
            [
              -81.782476,
              32.429679
            ],
            [
              -81.782985,
              32.431438
            ],
            [
              -81.781599,
              32.432663
            ],
            [
              -81.779705,
              32.432131
            ],
            [
              -81.779196,
              32.430372
            ],
            [
              -81.780582,
              32.429147
            ]
          ]
        ]
      },
      "properties": {
        "h3_res9_id": "8944d5a70bbffff",
        "claimed_minsignal_dbm": -60,
        "n_measurements": 22,
        "n_violations": 22,
        "violation_share": 1.0,
        "avg_measured_dbm": -89.4,
        "worst_measured_dbm": -104.0,
        "avg_gap_db": -29.41,
        "worst_gap_db": -44.0
      }
    },
    {
      "type": "Feature",
      "geometry": {
        "type": "Polygon",
        "coordinates": [
          [
            [
              -81.772077,
              32.405756
            ],
            [
              -81.773971,
              32.406289
            ],
            [
              -81.774479,
              32.408047
            ],
            [
              -81.773094,
              32.409273
            ],
            [
              -81.771201,
              32.40874
            ],
            [
              -81.770692,
              32.406982
            ],
            [
              -81.772077,
              32.405756
            ]
          ]
        ]
      },
      "properties": {
        "h3_res9_id": "8944d5a7453ffff",
        "claimed_minsignal_dbm": -60,
        "n_measurements": 6,
        "n_violations": 6,
        "violation_share": 1.0,
        "avg_measured_dbm": -97.8,
        "worst_measured_dbm": -104.0,
        "avg_gap_db": -37.83,
        "worst_gap_db": -44.0
      }
    },
    {
      "type": "Feature",
      "geometry": {
        "type": "Polygon",
        "coordinates": [
          [
            [
              -81.766398,
              32.404158
            ],
            [
              -81.768291,
              32.404691
            ],
            [
              -81.768799,
              32.406449
            ],
            [
              -81.767414,
              32.407675
            ],
            [
              -81.765521,
              32.407142
            ],
            [
              -81.765013,
              32.405384
            ],
            [
              -81.766398,
              32.404158
            ]
          ]
        ]
      },
      "properties": {
        "h3_res9_id": "8944d5a292fffff",
        "claimed_minsignal_dbm": -70,
        "n_measurements": 25,
        "n_violations": 25,
        "violation_share": 1.0,
        "avg_measured_dbm": -101.8,
        "worst_measured_dbm": -113.0,
        "avg_gap_db": -31.8,
        "worst_gap_db": -43.0
      }
    },
    {
      "type": "Feature",
      "geometry": {
        "type": "Polygon",
        "coordinates": [
          [
            [
              -81.749547,
              32.430103
            ],
            [
              -81.75144,
              32.430636
            ],
            [
              -81.751948,
              32.432394
            ],
            [
              -81.750563,
              32.433619
            ],
            [
              -81.74867,
              32.433086
            ],
            [
              -81.748162,
              32.431328
            ],
            [
              -81.749547,
              32.430103
            ]
          ]
        ]
      },
      "properties": {
        "h3_res9_id": "8944d5a72c7ffff",
        "claimed_minsignal_dbm": -70,
        "n_measurements": 6,
        "n_violations": 6,
        "violation_share": 1.0,
        "avg_measured_dbm": -108.7,
        "worst_measured_dbm": -113.0,
        "avg_gap_db": -38.67,
        "worst_gap_db": -43.0
      }
    },
    {
      "type": "Feature",
      "geometry": {
        "type": "Polygon",
        "coordinates": [
          [
            [
              -81.245358,
              32.136888
            ],
            [
              -81.247231,
              32.137424
            ],
            [
              -81.247726,
              32.139179
            ],
            [
              -81.246348,
              32.140398
            ],
            [
              -81.244475,
              32.139862
            ],
            [
              -81.243981,
              32.138107
            ],
            [
              -81.245358,
              32.136888
            ]
          ]
        ]
      },
      "properties": {
        "h3_res9_id": "8944d513233ffff",
        "claimed_minsignal_dbm": -70,
        "n_measurements": 28,
        "n_violations": 28,
        "violation_share": 1.0,
        "avg_measured_dbm": -101.8,
        "worst_measured_dbm": -112.0,
        "avg_gap_db": -31.79,
        "worst_gap_db": -42.0
      }
    },
    {
      "type": "Feature",
      "geometry": {
        "type": "Polygon",
        "coordinates": [
          [
            [
              -81.752825,
              32.429411
            ],
            [
              -81.754718,
              32.429944
            ],
            [
              -81.755227,
              32.431702
            ],
            [
              -81.753841,
              32.432927
            ],
            [
              -81.751948,
              32.432394
            ],
            [
              -81.75144,
              32.430636
            ],
            [
              -81.752825,
              32.429411
            ]
          ]
        ]
      },
      "properties": {
        "h3_res9_id": "8944d5a728bffff",
        "claimed_minsignal_dbm": -70,
        "n_measurements": 4,
        "n_violations": 4,
        "violation_share": 1.0,
        "avg_measured_dbm": -108.2,
        "worst_measured_dbm": -111.0,
        "avg_gap_db": -38.25,
        "worst_gap_db": -41.0
      }
    },
    {
      "type": "Feature",
      "geometry": {
        "type": "Polygon",
        "coordinates": [
          [
            [
              -81.718758,
              32.419813
            ],
            [
              -81.72065,
              32.420346
            ],
            [
              -81.721157,
              32.422104
            ],
            [
              -81.719772,
              32.423329
            ],
            [
              -81.71788,
              32.422795
            ],
            [
              -81.717373,
              32.421038
            ],
            [
              -81.718758,
              32.419813
            ]
          ]
        ]
      },
      "properties": {
        "h3_res9_id": "8944d5a0887ffff",
        "claimed_minsignal_dbm": -80,
        "n_measurements": 3,
        "n_violations": 3,
        "violation_share": 1.0,
        "avg_measured_dbm": -119.0,
        "worst_measured_dbm": -121.0,
        "avg_gap_db": -39.0,
        "worst_gap_db": -41.0
      }
    },
    {
      "type": "Feature",
      "geometry": {
        "type": "Polygon",
        "coordinates": [
          [
            [
              -81.722035,
              32.419122
            ],
            [
              -81.723927,
              32.419655
            ],
            [
              -81.724434,
              32.421413
            ],
            [
              -81.723049,
              32.422638
            ],
            [
              -81.721157,
              32.422104
            ],
            [
              -81.72065,
              32.420346
            ],
            [
              -81.722035,
              32.419122
            ]
          ]
        ]
      },
      "properties": {
        "h3_res9_id": "8944d5a0d4bffff",
        "claimed_minsignal_dbm": -80,
        "n_measurements": 6,
        "n_violations": 6,
        "violation_share": 1.0,
        "avg_measured_dbm": -119.8,
        "worst_measured_dbm": -121.0,
        "avg_gap_db": -39.83,
        "worst_gap_db": -41.0
      }
    },
    {
      "type": "Feature",
      "geometry": {
        "type": "Polygon",
        "coordinates": [
          [
            [
              -81.743868,
              32.428503
            ],
            [
              -81.745761,
              32.429037
            ],
            [
              -81.746269,
              32.430795
            ],
            [
              -81.744883,
              32.43202
            ],
            [
              -81.74299,
              32.431486
            ],
            [
              -81.742483,
              32.429728
            ],
            [
              -81.743868,
              32.428503
            ]
          ]
        ]
      },
      "properties": {
        "h3_res9_id": "8944d5a72cbffff",
        "claimed_minsignal_dbm": -70,
        "n_measurements": 4,
        "n_violations": 4,
        "violation_share": 1.0,
        "avg_measured_dbm": -107.8,
        "worst_measured_dbm": -111.0,
        "avg_gap_db": -37.75,
        "worst_gap_db": -41.0
      }
    },
    {
      "type": "Feature",
      "geometry": {
        "type": "Polygon",
        "coordinates": [
          [
            [
              -81.76003,
              32.436285
            ],
            [
              -81.761923,
              32.436818
            ],
            [
              -81.762432,
              32.438576
            ],
            [
              -81.761046,
              32.439801
            ],
            [
              -81.759153,
              32.439268
            ],
            [
              -81.758644,
              32.43751
            ],
            [
              -81.76003,
              32.436285
            ]
          ]
        ]
      },
      "properties": {
        "h3_res9_id": "8944d5a72a3ffff",
        "claimed_minsignal_dbm": -70,
        "n_measurements": 21,
        "n_violations": 21,
        "violation_share": 1.0,
        "avg_measured_dbm": -91.6,
        "worst_measured_dbm": -111.0,
        "avg_gap_db": -21.62,
        "worst_gap_db": -41.0
      }
    },
    {
      "type": "Feature",
      "geometry": {
        "type": "Polygon",
        "coordinates": [
          [
            [
              -81.747146,
              32.427812
            ],
            [
              -81.749039,
              32.428345
            ],
            [
              -81.749547,
              32.430103
            ],
            [
              -81.748162,
              32.431328
            ],
            [
              -81.746269,
              32.430795
            ],
            [
              -81.745761,
              32.429037
            ],
            [
              -81.747146,
              32.427812
            ]
          ]
        ]
      },
      "properties": {
        "h3_res9_id": "8944d5a72c3ffff",
        "claimed_minsignal_dbm": -70,
        "n_measurements": 5,
        "n_violations": 5,
        "violation_share": 1.0,
        "avg_measured_dbm": -106.8,
        "worst_measured_dbm": -111.0,
        "avg_gap_db": -36.8,
        "worst_gap_db": -41.0
      }
    },
    {
      "type": "Feature",
      "geometry": {
        "type": "Polygon",
        "coordinates": [
          [
            [
              -81.757628,
              32.433993
            ],
            [
              -81.759522,
              32.434526
            ],
            [
              -81.76003,
              32.436285
            ],
            [
              -81.758644,
              32.43751
            ],
            [
              -81.756751,
              32.436977
            ],
            [
              -81.756243,
              32.435218
            ],
            [
              -81.757628,
              32.433993
            ]
          ]
        ]
      },
      "properties": {
        "h3_res9_id": "8944d5a72bbffff",
        "claimed_minsignal_dbm": -70,
        "n_measurements": 24,
        "n_violations": 24,
        "violation_share": 1.0,
        "avg_measured_dbm": -95.8,
        "worst_measured_dbm": -111.0,
        "avg_gap_db": -25.75,
        "worst_gap_db": -41.0
      }
    },
    {
      "type": "Feature",
      "geometry": {
        "type": "Polygon",
        "coordinates": [
          [
            [
              -81.67057,
              32.385227
            ],
            [
              -81.67246,
              32.38576
            ],
            [
              -81.672966,
              32.387518
            ],
            [
              -81.671582,
              32.388742
            ],
            [
              -81.669692,
              32.388208
            ],
            [
              -81.669186,
              32.386451
            ],
            [
              -81.67057,
              32.385227
            ]
          ]
        ]
      },
      "properties": {
        "h3_res9_id": "8944d5a03cbffff",
        "claimed_minsignal_dbm": -80,
        "n_measurements": 3,
        "n_violations": 3,
        "violation_share": 1.0,
        "avg_measured_dbm": -120.0,
        "worst_measured_dbm": -120.0,
        "avg_gap_db": -40.0,
        "worst_gap_db": -40.0
      }
    },
    {
      "type": "Feature",
      "geometry": {
        "type": "Polygon",
        "coordinates": [
          [
            [
              -81.797206,
              32.414437
            ],
            [
              -81.7991,
              32.414969
            ],
            [
              -81.799609,
              32.416728
            ],
            [
              -81.798224,
              32.417954
            ],
            [
              -81.79633,
              32.417422
            ],
            [
              -81.795821,
              32.415663
            ],
            [
              -81.797206,
              32.414437
            ]
          ]
        ]
      },
      "properties": {
        "h3_res9_id": "8944d5b5b6fffff",
        "claimed_minsignal_dbm": -80,
        "n_measurements": 36,
        "n_violations": 36,
        "violation_share": 1.0,
        "avg_measured_dbm": -108.7,
        "worst_measured_dbm": -120.0,
        "avg_gap_db": -28.69,
        "worst_gap_db": -40.0
      }
    },
    {
      "type": "Feature",
      "geometry": {
        "type": "Polygon",
        "coordinates": [
          [
            [
              -81.816438,
              32.432764
            ],
            [
              -81.818333,
              32.433297
            ],
            [
              -81.818843,
              32.435055
            ],
            [
              -81.817457,
              32.436281
            ],
            [
              -81.815562,
              32.435749
            ],
            [
              -81.815052,
              32.433991
            ],
            [
              -81.816438,
              32.432764
            ]
          ]
        ]
      },
      "properties": {
        "h3_res9_id": "8944d5a629bffff",
        "claimed_minsignal_dbm": -80,
        "n_measurements": 22,
        "n_violations": 22,
        "violation_share": 1.0,
        "avg_measured_dbm": -112.2,
        "worst_measured_dbm": -120.0,
        "avg_gap_db": -32.18,
        "worst_gap_db": -40.0
      }
    },
    {
      "type": "Feature",
      "geometry": {
        "type": "Polygon",
        "coordinates": [
          [
            [
              -81.741978,
              32.361749
            ],
            [
              -81.74387,
              32.362282
            ],
            [
              -81.744378,
              32.36404
            ],
            [
              -81.742993,
              32.365266
            ],
            [
              -81.741102,
              32.364733
            ],
            [
              -81.740594,
              32.362975
            ],
            [
              -81.741978,
              32.361749
            ]
          ]
        ]
      },
      "properties": {
        "h3_res9_id": "8944d5a2eb7ffff",
        "claimed_minsignal_dbm": -80,
        "n_measurements": 7,
        "n_violations": 7,
        "violation_share": 1.0,
        "avg_measured_dbm": -114.7,
        "worst_measured_dbm": -120.0,
        "avg_gap_db": -34.71,
        "worst_gap_db": -40.0
      }
    },
    {
      "type": "Feature",
      "geometry": {
        "type": "Polygon",
        "coordinates": [
          [
            [
              -81.745669,
              32.380557
            ],
            [
              -81.747561,
              32.381089
            ],
            [
              -81.748069,
              32.382848
            ],
            [
              -81.746685,
              32.384073
            ],
            [
              -81.744792,
              32.38354
            ],
            [
              -81.744285,
              32.381782
            ],
            [
              -81.745669,
              32.380557
            ]
          ]
        ]
      },
      "properties": {
        "h3_res9_id": "8944d5a280fffff",
        "claimed_minsignal_dbm": -80,
        "n_measurements": 9,
        "n_violations": 9,
        "violation_share": 1.0,
        "avg_measured_dbm": -113.9,
        "worst_measured_dbm": -119.0,
        "avg_gap_db": -33.89,
        "worst_gap_db": -39.0
      }
    },
    {
      "type": "Feature",
      "geometry": {
        "type": "Polygon",
        "coordinates": [
          [
            [
              -81.748069,
              32.382848
            ],
            [
              -81.749961,
              32.38338
            ],
            [
              -81.750469,
              32.385138
            ],
            [
              -81.749085,
              32.386364
            ],
            [
              -81.747192,
              32.385831
            ],
            [
              -81.746685,
              32.384073
            ],
            [
              -81.748069,
              32.382848
            ]
          ]
        ]
      },
      "properties": {
        "h3_res9_id": "8944d5a283bffff",
        "claimed_minsignal_dbm": -80,
        "n_measurements": 6,
        "n_violations": 6,
        "violation_share": 1.0,
        "avg_measured_dbm": -116.5,
        "worst_measured_dbm": -119.0,
        "avg_gap_db": -36.5,
        "worst_gap_db": -39.0
      }
    },
    {
      "type": "Feature",
      "geometry": {
        "type": "Polygon",
        "coordinates": [
          [
            [
              -81.710683,
              32.415922
            ],
            [
              -81.712575,
              32.416455
            ],
            [
              -81.713082,
              32.418213
            ],
            [
              -81.711697,
              32.419437
            ],
            [
              -81.709805,
              32.418904
            ],
            [
              -81.709298,
              32.417146
            ],
            [
              -81.710683,
              32.415922
            ]
          ]
        ]
      },
      "properties": {
        "h3_res9_id": "8944d5a08d7ffff",
        "claimed_minsignal_dbm": -80,
        "n_measurements": 7,
        "n_violations": 7,
        "violation_share": 1.0,
        "avg_measured_dbm": -108.9,
        "worst_measured_dbm": -119.0,
        "avg_gap_db": -28.86,
        "worst_gap_db": -39.0
      }
    },
    {
      "type": "Feature",
      "geometry": {
        "type": "Polygon",
        "coordinates": [
          [
            [
              -81.781037,
              32.406661
            ],
            [
              -81.78293,
              32.407193
            ],
            [
              -81.783439,
              32.408951
            ],
            [
              -81.782054,
              32.410177
            ],
            [
              -81.78016,
              32.409645
            ],
            [
              -81.779652,
              32.407886
            ],
            [
              -81.781037,
              32.406661
            ]
          ]
        ]
      },
      "properties": {
        "h3_res9_id": "8944d5a7413ffff",
        "claimed_minsignal_dbm": -70,
        "n_measurements": 28,
        "n_violations": 28,
        "violation_share": 1.0,
        "avg_measured_dbm": -96.2,
        "worst_measured_dbm": -108.0,
        "avg_gap_db": -26.25,
        "worst_gap_db": -38.0
      }
    },
    {
      "type": "Feature",
      "geometry": {
        "type": "Polygon",
        "coordinates": [
          [
            [
              -81.778635,
              32.40437
            ],
            [
              -81.780528,
              32.404902
            ],
            [
              -81.781037,
              32.406661
            ],
            [
              -81.779652,
              32.407886
            ],
            [
              -81.777758,
              32.407354
            ],
            [
              -81.777249,
              32.405596
            ],
            [
              -81.778635,
              32.40437
            ]
          ]
        ]
      },
      "properties": {
        "h3_res9_id": "8944d5a74c7ffff",
        "claimed_minsignal_dbm": -70,
        "n_measurements": 21,
        "n_violations": 21,
        "violation_share": 1.0,
        "avg_measured_dbm": -102.1,
        "worst_measured_dbm": -108.0,
        "avg_gap_db": -32.1,
        "worst_gap_db": -38.0
      }
    },
    {
      "type": "Feature",
      "geometry": {
        "type": "Polygon",
        "coordinates": [
          [
            [
              -81.727711,
              32.420722
            ],
            [
              -81.729604,
              32.421255
            ],
            [
              -81.730111,
              32.423013
            ],
            [
              -81.728726,
              32.424238
            ],
            [
              -81.726834,
              32.423704
            ],
            [
              -81.726326,
              32.421946
            ],
            [
              -81.727711,
              32.420722
            ]
          ]
        ]
      },
      "properties": {
        "h3_res9_id": "8944d5a0d47ffff",
        "claimed_minsignal_dbm": -80,
        "n_measurements": 6,
        "n_violations": 6,
        "violation_share": 1.0,
        "avg_measured_dbm": -112.3,
        "worst_measured_dbm": -118.0,
        "avg_gap_db": -32.33,
        "worst_gap_db": -38.0
      }
    },
    {
      "type": "Feature",
      "geometry": {
        "type": "Polygon",
        "coordinates": [
          [
            [
              -81.755917,
              32.397978
            ],
            [
              -81.757809,
              32.398511
            ],
            [
              -81.758317,
              32.400269
            ],
            [
              -81.756933,
              32.401495
            ],
            [
              -81.75504,
              32.400962
            ],
            [
              -81.754532,
              32.399204
            ],
            [
              -81.755917,
              32.397978
            ]
          ]
        ]
      },
      "properties": {
        "h3_res9_id": "8944d5a297bffff",
        "claimed_minsignal_dbm": -80,
        "n_measurements": 36,
        "n_violations": 36,
        "violation_share": 1.0,
        "avg_measured_dbm": -104.7,
        "worst_measured_dbm": -117.0,
        "avg_gap_db": -24.72,
        "worst_gap_db": -37.0
      }
    },
    {
      "type": "Feature",
      "geometry": {
        "type": "Polygon",
        "coordinates": [
          [
            [
              -81.823876,
              32.428392
            ],
            [
              -81.825771,
              32.428924
            ],
            [
              -81.826281,
              32.430682
            ],
            [
              -81.824895,
              32.431909
            ],
            [
              -81.823,
              32.431377
            ],
            [
              -81.82249,
              32.429618
            ],
            [
              -81.823876,
              32.428392
            ]
          ]
        ]
      },
      "properties": {
        "h3_res9_id": "8944d5a6623ffff",
        "claimed_minsignal_dbm": -80,
        "n_measurements": 9,
        "n_violations": 9,
        "violation_share": 1.0,
        "avg_measured_dbm": -108.9,
        "worst_measured_dbm": -117.0,
        "avg_gap_db": -28.89,
        "worst_gap_db": -37.0
      }
    },
    {
      "type": "Feature",
      "geometry": {
        "type": "Polygon",
        "coordinates": [
          [
            [
              -81.799609,
              32.416728
            ],
            [
              -81.801504,
              32.41726
            ],
            [
              -81.802013,
              32.419019
            ],
            [
              -81.800628,
              32.420245
            ],
            [
              -81.798733,
              32.419712
            ],
            [
              -81.798224,
              32.417954
            ],
            [
              -81.799609,
              32.416728
            ]
          ]
        ]
      },
      "properties": {
        "h3_res9_id": "8944d5a759bffff",
        "claimed_minsignal_dbm": -80,
        "n_measurements": 4,
        "n_violations": 4,
        "violation_share": 1.0,
        "avg_measured_dbm": -110.8,
        "worst_measured_dbm": -116.0,
        "avg_gap_db": -30.75,
        "worst_gap_db": -36.0
      }
    },
    {
      "type": "Feature",
      "geometry": {
        "type": "Polygon",
        "coordinates": [
          [
            [
              -81.800486,
              32.413743
            ],
            [
              -81.80238,
              32.414276
            ],
            [
              -81.802889,
              32.416034
            ],
            [
              -81.801504,
              32.41726
            ],
            [
              -81.799609,
              32.416728
            ],
            [
              -81.7991,
              32.414969
            ],
            [
              -81.800486,
              32.413743
            ]
          ]
        ]
      },
      "properties": {
        "h3_res9_id": "8944d5b5b67ffff",
        "claimed_minsignal_dbm": -80,
        "n_measurements": 29,
        "n_violations": 29,
        "violation_share": 1.0,
        "avg_measured_dbm": -107.4,
        "worst_measured_dbm": -116.0,
        "avg_gap_db": -27.41,
        "worst_gap_db": -36.0
      }
    },
    {
      "type": "Feature",
      "geometry": {
        "type": "Polygon",
        "coordinates": [
          [
            [
              -81.741698,
              32.414972
            ],
            [
              -81.743591,
              32.415505
            ],
            [
              -81.744099,
              32.417263
            ],
            [
              -81.742714,
              32.418488
            ],
            [
              -81.740821,
              32.417955
            ],
            [
              -81.740314,
              32.416197
            ],
            [
              -81.741698,
              32.414972
            ]
          ]
        ]
      },
      "properties": {
        "h3_res9_id": "8944d5a0d87ffff",
        "claimed_minsignal_dbm": -90,
        "n_measurements": 6,
        "n_violations": 6,
        "violation_share": 1.0,
        "avg_measured_dbm": -123.2,
        "worst_measured_dbm": -126.0,
        "avg_gap_db": -33.17,
        "worst_gap_db": -36.0
      }
    },
    {
      "type": "Feature",
      "geometry": {
        "type": "Polygon",
        "coordinates": [
          [
            [
              -81.739298,
              32.412681
            ],
            [
              -81.741191,
              32.413214
            ],
            [
              -81.741698,
              32.414972
            ],
            [
              -81.740314,
              32.416197
            ],
            [
              -81.738421,
              32.415664
            ],
            [
              -81.737913,
              32.413906
            ],
            [
              -81.739298,
              32.412681
            ]
          ]
        ]
      },
      "properties": {
        "h3_res9_id": "8944d5a0d83ffff",
        "claimed_minsignal_dbm": -90,
        "n_measurements": 5,
        "n_violations": 5,
        "violation_share": 1.0,
        "avg_measured_dbm": -121.8,
        "worst_measured_dbm": -126.0,
        "avg_gap_db": -31.8,
        "worst_gap_db": -36.0
      }
    },
    {
      "type": "Feature",
      "geometry": {
        "type": "Polygon",
        "coordinates": [
          [
            [
              -81.762243,
              32.407835
            ],
            [
              -81.764136,
              32.408368
            ],
            [
              -81.764644,
              32.410126
            ],
            [
              -81.763259,
              32.411351
            ],
            [
              -81.761366,
              32.410819
            ],
            [
              -81.760858,
              32.40906
            ],
            [
              -81.762243,
              32.407835
            ]
          ]
        ]
      },
      "properties": {
        "h3_res9_id": "8944d5a7683ffff",
        "claimed_minsignal_dbm": -70,
        "n_measurements": 5,
        "n_violations": 5,
        "violation_share": 1.0,
        "avg_measured_dbm": -100.8,
        "worst_measured_dbm": -106.0,
        "avg_gap_db": -30.8,
        "worst_gap_db": -36.0
      }
    },
    {
      "type": "Feature",
      "geometry": {
        "type": "Polygon",
        "coordinates": [
          [
            [
              -81.246242,
              32.133914
            ],
            [
              -81.248114,
              32.13445
            ],
            [
              -81.248609,
              32.136204
            ],
            [
              -81.247231,
              32.137424
            ],
            [
              -81.245358,
              32.136888
            ],
            [
              -81.244864,
              32.135133
            ],
            [
              -81.246242,
              32.133914
            ]
          ]
        ]
      },
      "properties": {
        "h3_res9_id": "8944d5132abffff",
        "claimed_minsignal_dbm": -70,
        "n_measurements": 36,
        "n_violations": 36,
        "violation_share": 1.0,
        "avg_measured_dbm": -105.0,
        "worst_measured_dbm": -105.0,
        "avg_gap_db": -35.0,
        "worst_gap_db": -35.0
      }
    },
    {
      "type": "Feature",
      "geometry": {
        "type": "Polygon",
        "coordinates": [
          [
            [
              -81.814033,
              32.430473
            ],
            [
              -81.815928,
              32.431006
            ],
            [
              -81.816438,
              32.432764
            ],
            [
              -81.815052,
              32.433991
            ],
            [
              -81.813157,
              32.433458
            ],
            [
              -81.812648,
              32.4317
            ],
            [
              -81.814033,
              32.430473
            ]
          ]
        ]
      },
      "properties": {
        "h3_res9_id": "8944d5a666fffff",
        "claimed_minsignal_dbm": -90,
        "n_measurements": 11,
        "n_violations": 11,
        "violation_share": 1.0,
        "avg_measured_dbm": -112.4,
        "worst_measured_dbm": -125.0,
        "avg_gap_db": -22.36,
        "worst_gap_db": -35.0
      }
    },
    {
      "type": "Feature",
      "geometry": {
        "type": "Polygon",
        "coordinates": [
          [
            [
              -81.765521,
              32.407142
            ],
            [
              -81.767414,
              32.407675
            ],
            [
              -81.767922,
              32.409433
            ],
            [
              -81.766537,
              32.410659
            ],
            [
              -81.764644,
              32.410126
            ],
            [
              -81.764136,
              32.408368
            ],
            [
              -81.765521,
              32.407142
            ]
          ]
        ]
      },
      "properties": {
        "h3_res9_id": "8944d5a7697ffff",
        "claimed_minsignal_dbm": -70,
        "n_measurements": 13,
        "n_violations": 13,
        "violation_share": 1.0,
        "avg_measured_dbm": -98.8,
        "worst_measured_dbm": -105.0,
        "avg_gap_db": -28.85,
        "worst_gap_db": -35.0
      }
    },
    {
      "type": "Feature",
      "geometry": {
        "type": "Polygon",
        "coordinates": [
          [
            [
              -81.811629,
              32.428182
            ],
            [
              -81.813524,
              32.428715
            ],
            [
              -81.814033,
              32.430473
            ],
            [
              -81.812648,
              32.4317
            ],
            [
              -81.810753,
              32.431167
            ],
            [
              -81.810243,
              32.429409
            ],
            [
              -81.811629,
              32.428182
            ]
          ]
        ]
      },
      "properties": {
        "h3_res9_id": "8944d5a666bffff",
        "claimed_minsignal_dbm": -90,
        "n_measurements": 6,
        "n_violations": 6,
        "violation_share": 1.0,
        "avg_measured_dbm": -113.0,
        "worst_measured_dbm": -125.0,
        "avg_gap_db": -23.0,
        "worst_gap_db": -35.0
      }
    },
    {
      "type": "Feature",
      "geometry": {
        "type": "Polygon",
        "coordinates": [
          [
            [
              -81.75116,
              32.35141
            ],
            [
              -81.753052,
              32.351942
            ],
            [
              -81.75356,
              32.353701
            ],
            [
              -81.752176,
              32.354927
            ],
            [
              -81.750284,
              32.354394
            ],
            [
              -81.749776,
              32.352636
            ],
            [
              -81.75116,
              32.35141
            ]
          ]
        ]
      },
      "properties": {
        "h3_res9_id": "8944d5a2cc7ffff",
        "claimed_minsignal_dbm": -80,
        "n_measurements": 6,
        "n_violations": 6,
        "violation_share": 1.0,
        "avg_measured_dbm": -108.8,
        "worst_measured_dbm": -114.0,
        "avg_gap_db": -28.83,
        "worst_gap_db": -34.0
      }
    },
    {
      "type": "Feature",
      "geometry": {
        "type": "Polygon",
        "coordinates": [
          [
            [
              -81.741333,
              32.353491
            ],
            [
              -81.743224,
              32.354023
            ],
            [
              -81.743732,
              32.355781
            ],
            [
              -81.742348,
              32.357007
            ],
            [
              -81.740456,
              32.356475
            ],
            [
              -81.739949,
              32.354717
            ],
            [
              -81.741333,
              32.353491
            ]
          ]
        ]
      },
      "properties": {
        "h3_res9_id": "8944d5a2c5bffff",
        "claimed_minsignal_dbm": -80,
        "n_measurements": 8,
        "n_violations": 8,
        "violation_share": 1.0,
        "avg_measured_dbm": -106.0,
        "worst_measured_dbm": -114.0,
        "avg_gap_db": -26.0,
        "worst_gap_db": -34.0
      }
    },
    {
      "type": "Feature",
      "geometry": {
        "type": "Polygon",
        "coordinates": [
          [
            [
              -81.805293,
              32.418325
            ],
            [
              -81.807188,
              32.418857
            ],
            [
              -81.807697,
              32.420616
            ],
            [
              -81.806311,
              32.421842
            ],
            [
              -81.804417,
              32.42131
            ],
            [
              -81.803907,
              32.419551
            ],
            [
              -81.805293,
              32.418325
            ]
          ]
        ]
      },
      "properties": {
        "h3_res9_id": "8944d5a7597ffff",
        "claimed_minsignal_dbm": -80,
        "n_measurements": 26,
        "n_violations": 26,
        "violation_share": 1.0,
        "avg_measured_dbm": -105.3,
        "worst_measured_dbm": -114.0,
        "avg_gap_db": -25.31,
        "worst_gap_db": -34.0
      }
    },
    {
      "type": "Feature",
      "geometry": {
        "type": "Polygon",
        "coordinates": [
          [
            [
              -81.761784,
              32.430318
            ],
            [
              -81.763677,
              32.430851
            ],
            [
              -81.764186,
              32.432609
            ],
            [
              -81.7628,
              32.433834
            ],
            [
              -81.760907,
              32.433301
            ],
            [
              -81.760399,
              32.431543
            ],
            [
              -81.761784,
              32.430318
            ]
          ]
        ]
      },
      "properties": {
        "h3_res9_id": "8944d5a704bffff",
        "claimed_minsignal_dbm": -50,
        "n_measurements": 6,
        "n_violations": 6,
        "violation_share": 1.0,
        "avg_measured_dbm": -84.0,
        "worst_measured_dbm": -84.0,
        "avg_gap_db": -34.0,
        "worst_gap_db": -34.0
      }
    },
    {
      "type": "Feature",
      "geometry": {
        "type": "Polygon",
        "coordinates": [
          [
            [
              -81.775777,
              32.424565
            ],
            [
              -81.777671,
              32.425097
            ],
            [
              -81.778179,
              32.426856
            ],
            [
              -81.776794,
              32.428081
            ],
            [
              -81.7749,
              32.427548
            ],
            [
              -81.774391,
              32.42579
            ],
            [
              -81.775777,
              32.424565
            ]
          ]
        ]
      },
      "properties": {
        "h3_res9_id": "8944d5a708bffff",
        "claimed_minsignal_dbm": -70,
        "n_measurements": 25,
        "n_violations": 25,
        "violation_share": 1.0,
        "avg_measured_dbm": -89.2,
        "worst_measured_dbm": -104.0,
        "avg_gap_db": -19.24,
        "worst_gap_db": -34.0
      }
    },
    {
      "type": "Feature",
      "geometry": {
        "type": "Polygon",
        "coordinates": [
          [
            [
              -81.779705,
              32.432131
            ],
            [
              -81.781599,
              32.432663
            ],
            [
              -81.782108,
              32.434422
            ],
            [
              -81.780722,
              32.435647
            ],
            [
              -81.778828,
              32.435114
            ],
            [
              -81.77832,
              32.433356
            ],
            [
              -81.779705,
              32.432131
            ]
          ]
        ]
      },
      "properties": {
        "h3_res9_id": "8944d5a70abffff",
        "claimed_minsignal_dbm": -70,
        "n_measurements": 33,
        "n_violations": 33,
        "violation_share": 1.0,
        "avg_measured_dbm": -94.7,
        "worst_measured_dbm": -104.0,
        "avg_gap_db": -24.67,
        "worst_gap_db": -34.0
      }
    },
    {
      "type": "Feature",
      "geometry": {
        "type": "Polygon",
        "coordinates": [
          [
            [
              -81.76312,
              32.404851
            ],
            [
              -81.765013,
              32.405384
            ],
            [
              -81.765521,
              32.407142
            ],
            [
              -81.764136,
              32.408368
            ],
            [
              -81.762243,
              32.407835
            ],
            [
              -81.761735,
              32.406077
            ],
            [
              -81.76312,
              32.404851
            ]
          ]
        ]
      },
      "properties": {
        "h3_res9_id": "8944d5a7693ffff",
        "claimed_minsignal_dbm": -80,
        "n_measurements": 76,
        "n_violations": 76,
        "violation_share": 1.0,
        "avg_measured_dbm": -103.4,
        "worst_measured_dbm": -114.0,
        "avg_gap_db": -23.39,
        "worst_gap_db": -34.0
      }
    },
    {
      "type": "Feature",
      "geometry": {
        "type": "Polygon",
        "coordinates": [
          [
            [
              -81.756981,
              32.425736
            ],
            [
              -81.758874,
              32.426269
            ],
            [
              -81.759382,
              32.428027
            ],
            [
              -81.757997,
              32.429252
            ],
            [
              -81.756104,
              32.428719
            ],
            [
              -81.755596,
              32.426961
            ],
            [
              -81.756981,
              32.425736
            ]
          ]
        ]
      },
      "properties": {
        "h3_res9_id": "8944d5a7293ffff",
        "claimed_minsignal_dbm": -70,
        "n_measurements": 5,
        "n_violations": 5,
        "violation_share": 1.0,
        "avg_measured_dbm": -96.2,
        "worst_measured_dbm": -104.0,
        "avg_gap_db": -26.2,
        "worst_gap_db": -34.0
      }
    },
    {
      "type": "Feature",
      "geometry": {
        "type": "Polygon",
        "coordinates": [
          [
            [
              -81.74221,
              32.350507
            ],
            [
              -81.744101,
              32.351039
            ],
            [
              -81.744609,
              32.352797
            ],
            [
              -81.743224,
              32.354023
            ],
            [
              -81.741333,
              32.353491
            ],
            [
              -81.740826,
              32.351733
            ],
            [
              -81.74221,
              32.350507
            ]
          ]
        ]
      },
      "properties": {
        "h3_res9_id": "8944d5a2127ffff",
        "claimed_minsignal_dbm": -80,
        "n_measurements": 7,
        "n_violations": 7,
        "violation_share": 1.0,
        "avg_measured_dbm": -104.9,
        "worst_measured_dbm": -114.0,
        "avg_gap_db": -24.86,
        "worst_gap_db": -34.0
      }
    },
    {
      "type": "Feature",
      "geometry": {
        "type": "Polygon",
        "coordinates": [
          [
            [
              -81.771849,
              32.416999
            ],
            [
              -81.773743,
              32.417531
            ],
            [
              -81.774251,
              32.41929
            ],
            [
              -81.772866,
              32.420515
            ],
            [
              -81.770972,
              32.419983
            ],
            [
              -81.770464,
              32.418224
            ],
            [
              -81.771849,
              32.416999
            ]
          ]
        ]
      },
      "properties": {
        "h3_res9_id": "8944d5a746bffff",
        "claimed_minsignal_dbm": -70,
        "n_measurements": 20,
        "n_violations": 20,
        "violation_share": 1.0,
        "avg_measured_dbm": -101.6,
        "worst_measured_dbm": -104.0,
        "avg_gap_db": -31.65,
        "worst_gap_db": -34.0
      }
    },
    {
      "type": "Feature",
      "geometry": {
        "type": "Polygon",
        "coordinates": [
          [
            [
              -81.784315,
              32.405967
            ],
            [
              -81.786209,
              32.4065
            ],
            [
              -81.786718,
              32.408258
            ],
            [
              -81.785333,
              32.409484
            ],
            [
              -81.783439,
              32.408951
            ],
            [
              -81.78293,
              32.407193
            ],
            [
              -81.784315,
              32.405967
            ]
          ]
        ]
      },
      "properties": {
        "h3_res9_id": "8944d5a748fffff",
        "claimed_minsignal_dbm": -70,
        "n_measurements": 27,
        "n_violations": 27,
        "violation_share": 1.0,
        "avg_measured_dbm": -98.5,
        "worst_measured_dbm": -104.0,
        "avg_gap_db": -28.52,
        "worst_gap_db": -34.0
      }
    },
    {
      "type": "Feature",
      "geometry": {
        "type": "Polygon",
        "coordinates": [
          [
            [
              -81.772954,
              32.402772
            ],
            [
              -81.774848,
              32.403305
            ],
            [
              -81.775356,
              32.405063
            ],
            [
              -81.773971,
              32.406289
            ],
            [
              -81.772077,
              32.405756
            ],
            [
              -81.771569,
              32.403998
            ],
            [
              -81.772954,
              32.402772
            ]
          ]
        ]
      },
      "properties": {
        "h3_res9_id": "8944d5a74cbffff",
        "claimed_minsignal_dbm": -70,
        "n_measurements": 12,
        "n_violations": 12,
        "violation_share": 1.0,
        "avg_measured_dbm": -93.9,
        "worst_measured_dbm": -104.0,
        "avg_gap_db": -23.92,
        "worst_gap_db": -34.0
      }
    },
    {
      "type": "Feature",
      "geometry": {
        "type": "Polygon",
        "coordinates": [
          [
            [
              -81.209892,
              32.13319
            ],
            [
              -81.211764,
              32.133726
            ],
            [
              -81.212258,
              32.135481
            ],
            [
              -81.21088,
              32.1367
            ],
            [
              -81.209008,
              32.136164
            ],
            [
              -81.208514,
              32.134409
            ],
            [
              -81.209892,
              32.13319
            ]
          ]
        ]
      },
      "properties": {
        "h3_res9_id": "8944d5c4953ffff",
        "claimed_minsignal_dbm": -80,
        "n_measurements": 14,
        "n_violations": 14,
        "violation_share": 1.0,
        "avg_measured_dbm": -108.8,
        "worst_measured_dbm": -114.0,
        "avg_gap_db": -28.79,
        "worst_gap_db": -34.0
      }
    },
    {
      "type": "Feature",
      "geometry": {
        "type": "Polygon",
        "coordinates": [
          [
            [
              -81.714837,
              32.412248
            ],
            [
              -81.716729,
              32.412782
            ],
            [
              -81.717236,
              32.414539
            ],
            [
              -81.715852,
              32.415764
            ],
            [
              -81.71396,
              32.415231
            ],
            [
              -81.713453,
              32.413473
            ],
            [
              -81.714837,
              32.412248
            ]
          ]
        ]
      },
      "properties": {
        "h3_res9_id": "8944d5a0c67ffff",
        "claimed_minsignal_dbm": -90,
        "n_measurements": 3,
        "n_violations": 3,
        "violation_share": 1.0,
        "avg_measured_dbm": -112.3,
        "worst_measured_dbm": -123.0,
        "avg_gap_db": -22.33,
        "worst_gap_db": -33.0
      }
    },
    {
      "type": "Feature",
      "geometry": {
        "type": "Polygon",
        "coordinates": [
          [
            [
              -81.730164,
              32.381036
            ],
            [
              -81.732056,
              32.381569
            ],
            [
              -81.732563,
              32.383327
            ],
            [
              -81.731179,
              32.384553
            ],
            [
              -81.729287,
              32.38402
            ],
            [
              -81.72878,
              32.382262
            ],
            [
              -81.730164,
              32.381036
            ]
          ]
        ]
      },
      "properties": {
        "h3_res9_id": "8944d5a2abbffff",
        "claimed_minsignal_dbm": -90,
        "n_measurements": 8,
        "n_violations": 8,
        "violation_share": 1.0,
        "avg_measured_dbm": -113.0,
        "worst_measured_dbm": -123.0,
        "avg_gap_db": -23.0,
        "worst_gap_db": -33.0
      }
    },
    {
      "type": "Feature",
      "geometry": {
        "type": "Polygon",
        "coordinates": [
          [
            [
              -81.73344,
              32.380344
            ],
            [
              -81.735332,
              32.380877
            ],
            [
              -81.73584,
              32.382635
            ],
            [
              -81.734455,
              32.38386
            ],
            [
              -81.732563,
              32.383327
            ],
            [
              -81.732056,
              32.381569
            ],
            [
              -81.73344,
              32.380344
            ]
          ]
        ]
      },
      "properties": {
        "h3_res9_id": "8944d5a2ab3ffff",
        "claimed_minsignal_dbm": -90,
        "n_measurements": 8,
        "n_violations": 8,
        "violation_share": 1.0,
        "avg_measured_dbm": -115.8,
        "worst_measured_dbm": -123.0,
        "avg_gap_db": -25.75,
        "worst_gap_db": -33.0
      }
    },
    {
      "type": "Feature",
      "geometry": {
        "type": "Polygon",
        "coordinates": [
          [
            [
              -81.717236,
              32.414539
            ],
            [
              -81.719128,
              32.415073
            ],
            [
              -81.719635,
              32.416831
            ],
            [
              -81.718251,
              32.418055
            ],
            [
              -81.716359,
              32.417522
            ],
            [
              -81.715852,
              32.415764
            ],
            [
              -81.717236,
              32.414539
            ]
          ]
        ]
      },
      "properties": {
        "h3_res9_id": "8944d5a0893ffff",
        "claimed_minsignal_dbm": -90,
        "n_measurements": 7,
        "n_violations": 7,
        "violation_share": 1.0,
        "avg_measured_dbm": -113.6,
        "worst_measured_dbm": -123.0,
        "avg_gap_db": -23.57,
        "worst_gap_db": -33.0
      }
    },
    {
      "type": "Feature",
      "geometry": {
        "type": "Polygon",
        "coordinates": [
          [
            [
              -81.767465,
              32.431917
            ],
            [
              -81.769359,
              32.43245
            ],
            [
              -81.769867,
              32.434208
            ],
            [
              -81.768482,
              32.435433
            ],
            [
              -81.766588,
              32.4349
            ],
            [
              -81.766079,
              32.433142
            ],
            [
              -81.767465,
              32.431917
            ]
          ]
        ]
      },
      "properties": {
        "h3_res9_id": "8944d5a7047ffff",
        "claimed_minsignal_dbm": -70,
        "n_measurements": 6,
        "n_violations": 6,
        "violation_share": 1.0,
        "avg_measured_dbm": -97.5,
        "worst_measured_dbm": -103.0,
        "avg_gap_db": -27.5,
        "worst_gap_db": -33.0
      }
    },
    {
      "type": "Feature",
      "geometry": {
        "type": "Polygon",
        "coordinates": [
          [
            [
              -81.837876,
              32.422629
            ],
            [
              -81.839772,
              32.423161
            ],
            [
              -81.840282,
              32.424919
            ],
            [
              -81.838896,
              32.426146
            ],
            [
              -81.837001,
              32.425614
            ],
            [
              -81.836491,
              32.423855
            ],
            [
              -81.837876,
              32.422629
            ]
          ]
        ]
      },
      "properties": {
        "h3_res9_id": "8944d5a6463ffff",
        "claimed_minsignal_dbm": -70,
        "n_measurements": 6,
        "n_violations": 6,
        "violation_share": 1.0,
        "avg_measured_dbm": -99.3,
        "worst_measured_dbm": -102.0,
        "avg_gap_db": -29.33,
        "worst_gap_db": -32.0
      }
    },
    {
      "type": "Feature",
      "geometry": {
        "type": "Polygon",
        "coordinates": [
          [
            [
              -81.764834,
              32.440867
            ],
            [
              -81.766728,
              32.4414
            ],
            [
              -81.767236,
              32.443158
            ],
            [
              -81.76585,
              32.444383
            ],
            [
              -81.763957,
              32.44385
            ],
            [
              -81.763448,
              32.442092
            ],
            [
              -81.764834,
              32.440867
            ]
          ]
        ]
      },
      "properties": {
        "h3_res9_id": "8944d5a73d3ffff",
        "claimed_minsignal_dbm": -80,
        "n_measurements": 70,
        "n_violations": 70,
        "violation_share": 1.0,
        "avg_measured_dbm": -103.4,
        "worst_measured_dbm": -112.0,
        "avg_gap_db": -23.39,
        "worst_gap_db": -32.0
      }
    },
    {
      "type": "Feature",
      "geometry": {
        "type": "Polygon",
        "coordinates": [
          [
            [
              -81.721391,
              32.410866
            ],
            [
              -81.723283,
              32.411399
            ],
            [
              -81.72379,
              32.413157
            ],
            [
              -81.722405,
              32.414381
            ],
            [
              -81.720513,
              32.413848
            ],
            [
              -81.720006,
              32.41209
            ],
            [
              -81.721391,
              32.410866
            ]
          ]
        ]
      },
      "properties": {
        "h3_res9_id": "8944d5a0c23ffff",
        "claimed_minsignal_dbm": -90,
        "n_measurements": 9,
        "n_violations": 9,
        "violation_share": 1.0,
        "avg_measured_dbm": -121.0,
        "worst_measured_dbm": -121.0,
        "avg_gap_db": -31.0,
        "worst_gap_db": -31.0
      }
    },
    {
      "type": "Feature",
      "geometry": {
        "type": "Polygon",
        "coordinates": [
          [
            [
              -81.665222,
              32.445071
            ],
            [
              -81.667113,
              32.445605
            ],
            [
              -81.667619,
              32.447362
            ],
            [
              -81.666234,
              32.448585
            ],
            [
              -81.664343,
              32.448051
            ],
            [
              -81.663837,
              32.446294
            ],
            [
              -81.665222,
              32.445071
            ]
          ]
        ]
      },
      "properties": {
        "h3_res9_id": "8944d5ae693ffff",
        "claimed_minsignal_dbm": -90,
        "n_measurements": 5,
        "n_violations": 5,
        "violation_share": 1.0,
        "avg_measured_dbm": -118.6,
        "worst_measured_dbm": -121.0,
        "avg_gap_db": -28.6,
        "worst_gap_db": -31.0
      }
    },
    {
      "type": "Feature",
      "geometry": {
        "type": "Polygon",
        "coordinates": [
          [
            [
              -81.730291,
              32.453746
            ],
            [
              -81.732184,
              32.45428
            ],
            [
              -81.732691,
              32.456037
            ],
            [
              -81.731306,
              32.457262
            ],
            [
              -81.729413,
              32.456728
            ],
            [
              -81.728905,
              32.45497
            ],
            [
              -81.730291,
              32.453746
            ]
          ]
        ]
      },
      "properties": {
        "h3_res9_id": "8944d5a5697ffff",
        "claimed_minsignal_dbm": -90,
        "n_measurements": 4,
        "n_violations": 4,
        "violation_share": 1.0,
        "avg_measured_dbm": -121.0,
        "worst_measured_dbm": -121.0,
        "avg_gap_db": -31.0,
        "worst_gap_db": -31.0
      }
    },
    {
      "type": "Feature",
      "geometry": {
        "type": "Polygon",
        "coordinates": [
          [
            [
              -81.733389,
              32.422321
            ],
            [
              -81.735281,
              32.422855
            ],
            [
              -81.735789,
              32.424613
            ],
            [
              -81.734404,
              32.425837
            ],
            [
              -81.732511,
              32.425304
            ],
            [
              -81.732004,
              32.423546
            ],
            [
              -81.733389,
              32.422321
            ]
          ]
        ]
      },
      "properties": {
        "h3_res9_id": "8944d5a0d0fffff",
        "claimed_minsignal_dbm": -80,
        "n_measurements": 3,
        "n_violations": 3,
        "violation_share": 1.0,
        "avg_measured_dbm": -111.0,
        "worst_measured_dbm": -111.0,
        "avg_gap_db": -31.0,
        "worst_gap_db": -31.0
      }
    },
    {
      "type": "Feature",
      "geometry": {
        "type": "Polygon",
        "coordinates": [
          [
            [
              -81.752364,
              32.451891
            ],
            [
              -81.754258,
              32.452424
            ],
            [
              -81.754766,
              32.454182
            ],
            [
              -81.753381,
              32.455407
            ],
            [
              -81.751487,
              32.454874
            ],
            [
              -81.750979,
              32.453116
            ],
            [
              -81.752364,
              32.451891
            ]
          ]
        ]
      },
      "properties": {
        "h3_res9_id": "8944d5a5487ffff",
        "claimed_minsignal_dbm": -80,
        "n_measurements": 10,
        "n_violations": 10,
        "violation_share": 1.0,
        "avg_measured_dbm": -92.0,
        "worst_measured_dbm": -111.0,
        "avg_gap_db": -12.0,
        "worst_gap_db": -31.0
      }
    },
    {
      "type": "Feature",
      "geometry": {
        "type": "Polygon",
        "coordinates": [
          [
            [
              -81.733569,
              32.453055
            ],
            [
              -81.735462,
              32.453589
            ],
            [
              -81.73597,
              32.455347
            ],
            [
              -81.734585,
              32.456571
            ],
            [
              -81.732691,
              32.456037
            ],
            [
              -81.732184,
              32.45428
            ],
            [
              -81.733569,
              32.453055
            ]
          ]
        ]
      },
      "properties": {
        "h3_res9_id": "8944d5a545bffff",
        "claimed_minsignal_dbm": -90,
        "n_measurements": 3,
        "n_violations": 3,
        "violation_share": 1.0,
        "avg_measured_dbm": -112.3,
        "worst_measured_dbm": -121.0,
        "avg_gap_db": -22.33,
        "worst_gap_db": -31.0
      }
    },
    {
      "type": "Feature",
      "geometry": {
        "type": "Polygon",
        "coordinates": [
          [
            [
              -81.742527,
              32.453965
            ],
            [
              -81.744421,
              32.454498
            ],
            [
              -81.744929,
              32.456256
            ],
            [
              -81.743543,
              32.457481
            ],
            [
              -81.74165,
              32.456947
            ],
            [
              -81.741142,
              32.455189
            ],
            [
              -81.742527,
              32.453965
            ]
          ]
        ]
      },
      "properties": {
        "h3_res9_id": "8944d5a541bffff",
        "claimed_minsignal_dbm": -80,
        "n_measurements": 6,
        "n_violations": 6,
        "violation_share": 1.0,
        "avg_measured_dbm": -108.0,
        "worst_measured_dbm": -111.0,
        "avg_gap_db": -28.0,
        "worst_gap_db": -31.0
      }
    },
    {
      "type": "Feature",
      "geometry": {
        "type": "Polygon",
        "coordinates": [
          [
            [
              -81.745806,
              32.453274
            ],
            [
              -81.7477,
              32.453807
            ],
            [
              -81.748208,
              32.455565
            ],
            [
              -81.746822,
              32.45679
            ],
            [
              -81.744929,
              32.456256
            ],
            [
              -81.744421,
              32.454498
            ],
            [
              -81.745806,
              32.453274
            ]
          ]
        ]
      },
      "properties": {
        "h3_res9_id": "8944d5a5413ffff",
        "claimed_minsignal_dbm": -80,
        "n_measurements": 9,
        "n_violations": 9,
        "violation_share": 1.0,
        "avg_measured_dbm": -107.0,
        "worst_measured_dbm": -111.0,
        "avg_gap_db": -27.0,
        "worst_gap_db": -31.0
      }
    },
    {
      "type": "Feature",
      "geometry": {
        "type": "Polygon",
        "coordinates": [
          [
            [
              -81.716359,
              32.417522
            ],
            [
              -81.718251,
              32.418055
            ],
            [
              -81.718758,
              32.419813
            ],
            [
              -81.717373,
              32.421038
            ],
            [
              -81.715481,
              32.420504
            ],
            [
              -81.714974,
              32.418746
            ],
            [
              -81.716359,
              32.417522
            ]
          ]
        ]
      },
      "properties": {
        "h3_res9_id": "8944d5a0883ffff",
        "claimed_minsignal_dbm": -90,
        "n_measurements": 5,
        "n_violations": 5,
        "violation_share": 1.0,
        "avg_measured_dbm": -116.2,
        "worst_measured_dbm": -121.0,
        "avg_gap_db": -26.2,
        "worst_gap_db": -31.0
      }
    },
    {
      "type": "Feature",
      "geometry": {
        "type": "Polygon",
        "coordinates": [
          [
            [
              -81.753242,
              32.448908
            ],
            [
              -81.755135,
              32.449442
            ],
            [
              -81.755644,
              32.4512
            ],
            [
              -81.754258,
              32.452424
            ],
            [
              -81.752364,
              32.451891
            ],
            [
              -81.751856,
              32.450133
            ],
            [
              -81.753242,
              32.448908
            ]
          ]
        ]
      },
      "properties": {
        "h3_res9_id": "8944d5a5497ffff",
        "claimed_minsignal_dbm": -80,
        "n_measurements": 5,
        "n_violations": 5,
        "violation_share": 1.0,
        "avg_measured_dbm": -111.0,
        "worst_measured_dbm": -111.0,
        "avg_gap_db": -31.0,
        "worst_gap_db": -31.0
      }
    },
    {
      "type": "Feature",
      "geometry": {
        "type": "Polygon",
        "coordinates": [
          [
            [
              -81.740688,
              32.345232
            ],
            [
              -81.742579,
              32.345765
            ],
            [
              -81.743086,
              32.347523
            ],
            [
              -81.741702,
              32.348749
            ],
            [
              -81.739811,
              32.348216
            ],
            [
              -81.739303,
              32.346458
            ],
            [
              -81.740688,
              32.345232
            ]
          ]
        ]
      },
      "properties": {
        "h3_res9_id": "8944d5a2133ffff",
        "claimed_minsignal_dbm": -80,
        "n_measurements": 8,
        "n_violations": 8,
        "violation_share": 1.0,
        "avg_measured_dbm": -107.6,
        "worst_measured_dbm": -111.0,
        "avg_gap_db": -27.62,
        "worst_gap_db": -31.0
      }
    },
    {
      "type": "Feature",
      "geometry": {
        "type": "Polygon",
        "coordinates": [
          [
            [
              -81.724667,
              32.410174
            ],
            [
              -81.726559,
              32.410707
            ],
            [
              -81.727067,
              32.412465
            ],
            [
              -81.725682,
              32.41369
            ],
            [
              -81.72379,
              32.413157
            ],
            [
              -81.723283,
              32.411399
            ],
            [
              -81.724667,
              32.410174
            ]
          ]
        ]
      },
      "properties": {
        "h3_res9_id": "8944d5a0c37ffff",
        "claimed_minsignal_dbm": -90,
        "n_measurements": 10,
        "n_violations": 10,
        "violation_share": 1.0,
        "avg_measured_dbm": -116.6,
        "worst_measured_dbm": -121.0,
        "avg_gap_db": -26.6,
        "worst_gap_db": -31.0
      }
    },
    {
      "type": "Feature",
      "geometry": {
        "type": "Polygon",
        "coordinates": [
          [
            [
              -81.666101,
              32.44209
            ],
            [
              -81.667992,
              32.442624
            ],
            [
              -81.668498,
              32.444382
            ],
            [
              -81.667113,
              32.445605
            ],
            [
              -81.665222,
              32.445071
            ],
            [
              -81.664716,
              32.443313
            ],
            [
              -81.666101,
              32.44209
            ]
          ]
        ]
      },
      "properties": {
        "h3_res9_id": "8944d5a192bffff",
        "claimed_minsignal_dbm": -90,
        "n_measurements": 5,
        "n_violations": 5,
        "violation_share": 1.0,
        "avg_measured_dbm": -119.8,
        "worst_measured_dbm": -121.0,
        "avg_gap_db": -29.8,
        "worst_gap_db": -31.0
      }
    },
    {
      "type": "Feature",
      "geometry": {
        "type": "Polygon",
        "coordinates": [
          [
            [
              -81.680651,
              32.486559
            ],
            [
              -81.682543,
              32.487094
            ],
            [
              -81.683049,
              32.488851
            ],
            [
              -81.681664,
              32.490074
            ],
            [
              -81.679772,
              32.48954
            ],
            [
              -81.679265,
              32.487782
            ],
            [
              -81.680651,
              32.486559
            ]
          ]
        ]
      },
      "properties": {
        "h3_res9_id": "8944d5ae14bffff",
        "claimed_minsignal_dbm": -90,
        "n_measurements": 9,
        "n_violations": 9,
        "violation_share": 1.0,
        "avg_measured_dbm": -112.7,
        "worst_measured_dbm": -121.0,
        "avg_gap_db": -22.67,
        "worst_gap_db": -31.0
      }
    },
    {
      "type": "Feature",
      "geometry": {
        "type": "Polygon",
        "coordinates": [
          [
            [
              -81.741467,
              32.426212
            ],
            [
              -81.74336,
              32.426745
            ],
            [
              -81.743868,
              32.428503
            ],
            [
              -81.742483,
              32.429728
            ],
            [
              -81.74059,
              32.429195
            ],
            [
              -81.740082,
              32.427437
            ],
            [
              -81.741467,
              32.426212
            ]
          ]
        ]
      },
      "properties": {
        "h3_res9_id": "8944d5a0d37ffff",
        "claimed_minsignal_dbm": -80,
        "n_measurements": 8,
        "n_violations": 8,
        "violation_share": 1.0,
        "avg_measured_dbm": -107.6,
        "worst_measured_dbm": -111.0,
        "avg_gap_db": -27.62,
        "worst_gap_db": -31.0
      }
    },
    {
      "type": "Feature",
      "geometry": {
        "type": "Polygon",
        "coordinates": [
          [
            [
              -81.756104,
              32.428719
            ],
            [
              -81.757997,
              32.429252
            ],
            [
              -81.758505,
              32.43101
            ],
            [
              -81.75712,
              32.432235
            ],
            [
              -81.755227,
              32.431702
            ],
            [
              -81.754718,
              32.429944
            ],
            [
              -81.756104,
              32.428719
            ]
          ]
        ]
      },
      "properties": {
        "h3_res9_id": "8944d5a7283ffff",
        "claimed_minsignal_dbm": -60,
        "n_measurements": 13,
        "n_violations": 13,
        "violation_share": 1.0,
        "avg_measured_dbm": -85.1,
        "worst_measured_dbm": -91.0,
        "avg_gap_db": -25.08,
        "worst_gap_db": -31.0
      }
    },
    {
      "type": "Feature",
      "geometry": {
        "type": "Polygon",
        "coordinates": [
          [
            [
              -81.735789,
              32.424613
            ],
            [
              -81.737681,
              32.425146
            ],
            [
              -81.738189,
              32.426904
            ],
            [
              -81.736804,
              32.428129
            ],
            [
              -81.734911,
              32.427595
            ],
            [
              -81.734404,
              32.425837
            ],
            [
              -81.735789,
              32.424613
            ]
          ]
        ]
      },
      "properties": {
        "h3_res9_id": "8944d5a0d3bffff",
        "claimed_minsignal_dbm": -80,
        "n_measurements": 5,
        "n_violations": 5,
        "violation_share": 1.0,
        "avg_measured_dbm": -110.8,
        "worst_measured_dbm": -111.0,
        "avg_gap_db": -30.8,
        "worst_gap_db": -31.0
      }
    },
    {
      "type": "Feature",
      "geometry": {
        "type": "Polygon",
        "coordinates": [
          [
            [
              -81.731221,
              32.408791
            ],
            [
              -81.733113,
              32.409324
            ],
            [
              -81.733621,
              32.411082
            ],
            [
              -81.732236,
              32.412307
            ],
            [
              -81.730344,
              32.411774
            ],
            [
              -81.729836,
              32.410016
            ],
            [
              -81.731221,
              32.408791
            ]
          ]
        ]
      },
      "properties": {
        "h3_res9_id": "8944d5a0dd3ffff",
        "claimed_minsignal_dbm": -90,
        "n_measurements": 59,
        "n_violations": 59,
        "violation_share": 1.0,
        "avg_measured_dbm": -108.8,
        "worst_measured_dbm": -121.0,
        "avg_gap_db": -18.76,
        "worst_gap_db": -31.0
      }
    },
    {
      "type": "Feature",
      "geometry": {
        "type": "Polygon",
        "coordinates": [
          [
            [
              -81.755227,
              32.431702
            ],
            [
              -81.75712,
              32.432235
            ],
            [
              -81.757628,
              32.433993
            ],
            [
              -81.756243,
              32.435218
            ],
            [
              -81.754349,
              32.434685
            ],
            [
              -81.753841,
              32.432927
            ],
            [
              -81.755227,
              32.431702
            ]
          ]
        ]
      },
      "properties": {
        "h3_res9_id": "8944d5a728fffff",
        "claimed_minsignal_dbm": -80,
        "n_measurements": 21,
        "n_violations": 16,
        "violation_share": 0.7619,
        "avg_measured_dbm": -93.0,
        "worst_measured_dbm": -111.0,
        "avg_gap_db": -17.62,
        "worst_gap_db": -31.0
      }
    },
    {
      "type": "Feature",
      "geometry": {
        "type": "Polygon",
        "coordinates": [
          [
            [
              -81.71396,
              32.415231
            ],
            [
              -81.715852,
              32.415764
            ],
            [
              -81.716359,
              32.417522
            ],
            [
              -81.714974,
              32.418746
            ],
            [
              -81.713082,
              32.418213
            ],
            [
              -81.712575,
              32.416455
            ],
            [
              -81.71396,
              32.415231
            ]
          ]
        ]
      },
      "properties": {
        "h3_res9_id": "8944d5a089bffff",
        "claimed_minsignal_dbm": -90,
        "n_measurements": 19,
        "n_violations": 19,
        "violation_share": 1.0,
        "avg_measured_dbm": -114.5,
        "worst_measured_dbm": -120.0,
        "avg_gap_db": -24.47,
        "worst_gap_db": -30.0
      }
    },
    {
      "type": "Feature",
      "geometry": {
        "type": "Polygon",
        "coordinates": [
          [
            [
              -81.741102,
              32.364733
            ],
            [
              -81.742993,
              32.365266
            ],
            [
              -81.743501,
              32.367024
            ],
            [
              -81.742116,
              32.36825
            ],
            [
              -81.740225,
              32.367717
            ],
            [
              -81.739717,
              32.365959
            ],
            [
              -81.741102,
              32.364733
            ]
          ]
        ]
      },
      "properties": {
        "h3_res9_id": "8944d5a2ea7ffff",
        "claimed_minsignal_dbm": -90,
        "n_measurements": 6,
        "n_violations": 6,
        "violation_share": 1.0,
        "avg_measured_dbm": -117.3,
        "worst_measured_dbm": -120.0,
        "avg_gap_db": -27.33,
        "worst_gap_db": -30.0
      }
    },
    {
      "type": "Feature",
      "geometry": {
        "type": "Polygon",
        "coordinates": [
          [
            [
              -81.671449,
              32.382245
            ],
            [
              -81.673339,
              32.382778
            ],
            [
              -81.673845,
              32.384536
            ],
            [
              -81.67246,
              32.38576
            ],
            [
              -81.67057,
              32.385227
            ],
            [
              -81.670065,
              32.383469
            ],
            [
              -81.671449,
              32.382245
            ]
          ]
        ]
      },
      "properties": {
        "h3_res9_id": "8944d5a03dbffff",
        "claimed_minsignal_dbm": -90,
        "n_measurements": 8,
        "n_violations": 8,
        "violation_share": 1.0,
        "avg_measured_dbm": -115.5,
        "worst_measured_dbm": -120.0,
        "avg_gap_db": -25.5,
        "worst_gap_db": -30.0
      }
    },
    {
      "type": "Feature",
      "geometry": {
        "type": "Polygon",
        "coordinates": [
          [
            [
              -81.707877,
              32.394137
            ],
            [
              -81.709768,
              32.39467
            ],
            [
              -81.710275,
              32.396428
            ],
            [
              -81.70889,
              32.397652
            ],
            [
              -81.706999,
              32.397119
            ],
            [
              -81.706492,
              32.395361
            ],
            [
              -81.707877,
              32.394137
            ]
          ]
        ]
      },
      "properties": {
        "h3_res9_id": "8944d5a0137ffff",
        "claimed_minsignal_dbm": -90,
        "n_measurements": 264,
        "n_violations": 264,
        "violation_share": 1.0,
        "avg_measured_dbm": -105.4,
        "worst_measured_dbm": -120.0,
        "avg_gap_db": -15.38,
        "worst_gap_db": -30.0
      }
    },
    {
      "type": "Feature",
      "geometry": {
        "type": "Polygon",
        "coordinates": [
          [
            [
              -81.68927,
              32.426029
            ],
            [
              -81.691161,
              32.426562
            ],
            [
              -81.691667,
              32.42832
            ],
            [
              -81.690283,
              32.429544
            ],
            [
              -81.688391,
              32.42901
            ],
            [
              -81.687885,
              32.427252
            ],
            [
              -81.68927,
              32.426029
            ]
          ]
        ]
      },
      "properties": {
        "h3_res9_id": "8944d5a0a13ffff",
        "claimed_minsignal_dbm": -90,
        "n_measurements": 5,
        "n_violations": 5,
        "violation_share": 1.0,
        "avg_measured_dbm": -111.2,
        "worst_measured_dbm": -120.0,
        "avg_gap_db": -21.2,
        "worst_gap_db": -30.0
      }
    },
    {
      "type": "Feature",
      "geometry": {
        "type": "Polygon",
        "coordinates": [
          [
            [
              -81.736717,
              32.379651
            ],
            [
              -81.738609,
              32.380184
            ],
            [
              -81.739116,
              32.381942
            ],
            [
              -81.737732,
              32.383168
            ],
            [
              -81.73584,
              32.382635
            ],
            [
              -81.735332,
              32.380877
            ],
            [
              -81.736717,
              32.379651
            ]
          ]
        ]
      },
      "properties": {
        "h3_res9_id": "8944d5a284fffff",
        "claimed_minsignal_dbm": -90,
        "n_measurements": 10,
        "n_violations": 10,
        "violation_share": 1.0,
        "avg_measured_dbm": -118.5,
        "worst_measured_dbm": -120.0,
        "avg_gap_db": -28.5,
        "worst_gap_db": -30.0
      }
    },
    {
      "type": "Feature",
      "geometry": {
        "type": "Polygon",
        "coordinates": [
          [
            [
              -81.834595,
              32.423323
            ],
            [
              -81.836491,
              32.423855
            ],
            [
              -81.837001,
              32.425614
            ],
            [
              -81.835615,
              32.426841
            ],
            [
              -81.833719,
              32.426309
            ],
            [
              -81.833209,
              32.42455
            ],
            [
              -81.834595,
              32.423323
            ]
          ]
        ]
      },
      "properties": {
        "h3_res9_id": "8944d5a646bffff",
        "claimed_minsignal_dbm": -70,
        "n_measurements": 11,
        "n_violations": 11,
        "violation_share": 1.0,
        "avg_measured_dbm": -99.4,
        "worst_measured_dbm": -100.0,
        "avg_gap_db": -29.36,
        "worst_gap_db": -30.0
      }
    },
    {
      "type": "Feature",
      "geometry": {
        "type": "Polygon",
        "coordinates": [
          [
            [
              -81.727944,
              32.409483
            ],
            [
              -81.729836,
              32.410016
            ],
            [
              -81.730344,
              32.411774
            ],
            [
              -81.728959,
              32.412998
            ],
            [
              -81.727067,
              32.412465
            ],
            [
              -81.726559,
              32.410707
            ],
            [
              -81.727944,
              32.409483
            ]
          ]
        ]
      },
      "properties": {
        "h3_res9_id": "8944d5a0ddbffff",
        "claimed_minsignal_dbm": -90,
        "n_measurements": 8,
        "n_violations": 8,
        "violation_share": 1.0,
        "avg_measured_dbm": -113.5,
        "worst_measured_dbm": -120.0,
        "avg_gap_db": -23.5,
        "worst_gap_db": -30.0
      }
    },
    {
      "type": "Feature",
      "geometry": {
        "type": "Polygon",
        "coordinates": [
          [
            [
              -81.769867,
              32.434208
            ],
            [
              -81.771761,
              32.434741
            ],
            [
              -81.772269,
              32.436499
            ],
            [
              -81.770884,
              32.437724
            ],
            [
              -81.76899,
              32.437192
            ],
            [
              -81.768482,
              32.435433
            ],
            [
              -81.769867,
              32.434208
            ]
          ]
        ]
      },
      "properties": {
        "h3_res9_id": "8944d5a7073ffff",
        "claimed_minsignal_dbm": -80,
        "n_measurements": 13,
        "n_violations": 13,
        "violation_share": 1.0,
        "avg_measured_dbm": -102.8,
        "worst_measured_dbm": -110.0,
        "avg_gap_db": -22.85,
        "worst_gap_db": -30.0
      }
    },
    {
      "type": "Feature",
      "geometry": {
        "type": "Polygon",
        "coordinates": [
          [
            [
              -81.76899,
              32.437192
            ],
            [
              -81.770884,
              32.437724
            ],
            [
              -81.771392,
              32.439483
            ],
            [
              -81.770007,
              32.440708
            ],
            [
              -81.768113,
              32.440175
            ],
            [
              -81.767605,
              32.438417
            ],
            [
              -81.76899,
              32.437192
            ]
          ]
        ]
      },
      "properties": {
        "h3_res9_id": "8944d5a7063ffff",
        "claimed_minsignal_dbm": -80,
        "n_measurements": 8,
        "n_violations": 8,
        "violation_share": 1.0,
        "avg_measured_dbm": -100.1,
        "worst_measured_dbm": -109.0,
        "avg_gap_db": -20.12,
        "worst_gap_db": -29.0
      }
    },
    {
      "type": "Feature",
      "geometry": {
        "type": "Polygon",
        "coordinates": [
          [
            [
              -81.75481,
              32.412204
            ],
            [
              -81.756703,
              32.412736
            ],
            [
              -81.757211,
              32.414495
            ],
            [
              -81.755826,
              32.41572
            ],
            [
              -81.753933,
              32.415187
            ],
            [
              -81.753425,
              32.413429
            ],
            [
              -81.75481,
              32.412204
            ]
          ]
        ]
      },
      "properties": {
        "h3_res9_id": "8944d5a761bffff",
        "claimed_minsignal_dbm": -90,
        "n_measurements": 4,
        "n_violations": 4,
        "violation_share": 1.0,
        "avg_measured_dbm": -112.2,
        "worst_measured_dbm": -119.0,
        "avg_gap_db": -22.25,
        "worst_gap_db": -29.0
      }
    },
    {
      "type": "Feature",
      "geometry": {
        "type": "Polygon",
        "coordinates": [
          [
            [
              -81.728822,
              32.4065
            ],
            [
              -81.730714,
              32.407033
            ],
            [
              -81.731221,
              32.408791
            ],
            [
              -81.729836,
              32.410016
            ],
            [
              -81.727944,
              32.409483
            ],
            [
              -81.727437,
              32.407725
            ],
            [
              -81.728822,
              32.4065
            ]
          ]
        ]
      },
      "properties": {
        "h3_res9_id": "8944d5a0ca7ffff",
        "claimed_minsignal_dbm": -90,
        "n_measurements": 44,
        "n_violations": 44,
        "violation_share": 1.0,
        "avg_measured_dbm": -109.7,
        "worst_measured_dbm": -119.0,
        "avg_gap_db": -19.68,
        "worst_gap_db": -29.0
      }
    },
    {
      "type": "Feature",
      "geometry": {
        "type": "Polygon",
        "coordinates": [
          [
            [
              -81.724901,
              32.398935
            ],
            [
              -81.726792,
              32.399468
            ],
            [
              -81.7273,
              32.401226
            ],
            [
              -81.725915,
              32.402451
            ],
            [
              -81.724023,
              32.401918
            ],
            [
              -81.723516,
              32.40016
            ],
            [
              -81.724901,
              32.398935
            ]
          ]
        ]
      },
      "properties": {
        "h3_res9_id": "8944d5a0c87ffff",
        "claimed_minsignal_dbm": -90,
        "n_measurements": 30,
        "n_violations": 30,
        "violation_share": 1.0,
        "avg_measured_dbm": -108.6,
        "worst_measured_dbm": -119.0,
        "avg_gap_db": -18.63,
        "worst_gap_db": -29.0
      }
    },
    {
      "type": "Feature",
      "geometry": {
        "type": "Polygon",
        "coordinates": [
          [
            [
              -81.692546,
              32.425338
            ],
            [
              -81.694437,
              32.425872
            ],
            [
              -81.694944,
              32.42763
            ],
            [
              -81.693559,
              32.428854
            ],
            [
              -81.691667,
              32.42832
            ],
            [
              -81.691161,
              32.426562
            ],
            [
              -81.692546,
              32.425338
            ]
          ]
        ]
      },
      "properties": {
        "h3_res9_id": "8944d5a0a8fffff",
        "claimed_minsignal_dbm": -80,
        "n_measurements": 5,
        "n_violations": 5,
        "violation_share": 1.0,
        "avg_measured_dbm": -107.6,
        "worst_measured_dbm": -109.0,
        "avg_gap_db": -27.6,
        "worst_gap_db": -29.0
      }
    },
    {
      "type": "Feature",
      "geometry": {
        "type": "Polygon",
        "coordinates": [
          [
            [
              -81.758965,
              32.408528
            ],
            [
              -81.760858,
              32.40906
            ],
            [
              -81.761366,
              32.410819
            ],
            [
              -81.759981,
              32.412044
            ],
            [
              -81.758088,
              32.411511
            ],
            [
              -81.75758,
              32.409753
            ],
            [
              -81.758965,
              32.408528
            ]
          ]
        ]
      },
      "properties": {
        "h3_res9_id": "8944d5a768bffff",
        "claimed_minsignal_dbm": -90,
        "n_measurements": 4,
        "n_violations": 4,
        "violation_share": 1.0,
        "avg_measured_dbm": -115.8,
        "worst_measured_dbm": -119.0,
        "avg_gap_db": -25.75,
        "worst_gap_db": -29.0
      }
    },
    {
      "type": "Feature",
      "geometry": {
        "type": "Polygon",
        "coordinates": [
          [
            [
              -81.836347,
              32.417352
            ],
            [
              -81.838242,
              32.417884
            ],
            [
              -81.838752,
              32.419643
            ],
            [
              -81.837367,
              32.42087
            ],
            [
              -81.835471,
              32.420338
            ],
            [
              -81.834961,
              32.418579
            ],
            [
              -81.836347,
              32.417352
            ]
          ]
        ]
      },
      "properties": {
        "h3_res9_id": "8944d5a6447ffff",
        "claimed_minsignal_dbm": -80,
        "n_measurements": 25,
        "n_violations": 25,
        "violation_share": 1.0,
        "avg_measured_dbm": -103.1,
        "worst_measured_dbm": -109.0,
        "avg_gap_db": -23.12,
        "worst_gap_db": -29.0
      }
    },
    {
      "type": "Feature",
      "geometry": {
        "type": "Polygon",
        "coordinates": [
          [
            [
              -81.838752,
              32.419643
            ],
            [
              -81.840648,
              32.420175
            ],
            [
              -81.841158,
              32.421934
            ],
            [
              -81.839772,
              32.423161
            ],
            [
              -81.837876,
              32.422629
            ],
            [
              -81.837367,
              32.42087
            ],
            [
              -81.838752,
              32.419643
            ]
          ]
        ]
      },
      "properties": {
        "h3_res9_id": "8944d5a6473ffff",
        "claimed_minsignal_dbm": -80,
        "n_measurements": 21,
        "n_violations": 21,
        "violation_share": 1.0,
        "avg_measured_dbm": -100.4,
        "worst_measured_dbm": -109.0,
        "avg_gap_db": -20.43,
        "worst_gap_db": -29.0
      }
    },
    {
      "type": "Feature",
      "geometry": {
        "type": "Polygon",
        "coordinates": [
          [
            [
              -81.747192,
              32.385831
            ],
            [
              -81.749085,
              32.386364
            ],
            [
              -81.749592,
              32.388122
            ],
            [
              -81.748208,
              32.389348
            ],
            [
              -81.746315,
              32.388815
            ],
            [
              -81.745808,
              32.387057
            ],
            [
              -81.747192,
              32.385831
            ]
          ]
        ]
      },
      "properties": {
        "h3_res9_id": "8944d5a282bffff",
        "claimed_minsignal_dbm": -90,
        "n_measurements": 5,
        "n_violations": 5,
        "violation_share": 1.0,
        "avg_measured_dbm": -111.4,
        "worst_measured_dbm": -119.0,
        "avg_gap_db": -21.4,
        "worst_gap_db": -29.0
      }
    },
    {
      "type": "Feature",
      "geometry": {
        "type": "Polygon",
        "coordinates": [
          [
            [
              -81.810101,
              32.422907
            ],
            [
              -81.811996,
              32.423439
            ],
            [
              -81.812505,
              32.425198
            ],
            [
              -81.81112,
              32.426424
            ],
            [
              -81.809225,
              32.425892
            ],
            [
              -81.808715,
              32.424133
            ],
            [
              -81.810101,
              32.422907
            ]
          ]
        ]
      },
      "properties": {
        "h3_res9_id": "8944d5a664fffff",
        "claimed_minsignal_dbm": -80,
        "n_measurements": 11,
        "n_violations": 11,
        "violation_share": 1.0,
        "avg_measured_dbm": -103.5,
        "worst_measured_dbm": -109.0,
        "avg_gap_db": -23.55,
        "worst_gap_db": -29.0
      }
    },
    {
      "type": "Feature",
      "geometry": {
        "type": "Polygon",
        "coordinates": [
          [
            [
              -81.679515,
              32.386137
            ],
            [
              -81.681405,
              32.38667
            ],
            [
              -81.681912,
              32.388428
            ],
            [
              -81.680527,
              32.389652
            ],
            [
              -81.678637,
              32.389118
            ],
            [
              -81.678131,
              32.387361
            ],
            [
              -81.679515,
              32.386137
            ]
          ]
        ]
      },
      "properties": {
        "h3_res9_id": "8944d5a038bffff",
        "claimed_minsignal_dbm": -80,
        "n_measurements": 5,
        "n_violations": 5,
        "violation_share": 1.0,
        "avg_measured_dbm": -98.6,
        "worst_measured_dbm": -109.0,
        "avg_gap_db": -18.6,
        "worst_gap_db": -29.0
      }
    },
    {
      "type": "Feature",
      "geometry": {
        "type": "Polygon",
        "coordinates": [
          [
            [
              -81.736898,
              32.41039
            ],
            [
              -81.738791,
              32.410923
            ],
            [
              -81.739298,
              32.412681
            ],
            [
              -81.737913,
              32.413906
            ],
            [
              -81.736021,
              32.413373
            ],
            [
              -81.735513,
              32.411615
            ],
            [
              -81.736898,
              32.41039
            ]
          ]
        ]
      },
      "properties": {
        "h3_res9_id": "8944d5a0d9bffff",
        "claimed_minsignal_dbm": -90,
        "n_measurements": 4,
        "n_violations": 4,
        "violation_share": 1.0,
        "avg_measured_dbm": -108.5,
        "worst_measured_dbm": -119.0,
        "avg_gap_db": -18.5,
        "worst_gap_db": -29.0
      }
    },
    {
      "type": "Feature",
      "geometry": {
        "type": "Polygon",
        "coordinates": [
          [
            [
              -81.805944,
              32.426585
            ],
            [
              -81.807839,
              32.427118
            ],
            [
              -81.808348,
              32.428876
            ],
            [
              -81.806963,
              32.430102
            ],
            [
              -81.805068,
              32.42957
            ],
            [
              -81.804559,
              32.427811
            ],
            [
              -81.805944,
              32.426585
            ]
          ]
        ]
      },
      "properties": {
        "h3_res9_id": "8944d5a75a3ffff",
        "claimed_minsignal_dbm": -80,
        "n_measurements": 23,
        "n_violations": 23,
        "violation_share": 1.0,
        "avg_measured_dbm": -103.3,
        "worst_measured_dbm": -108.0,
        "avg_gap_db": -23.3,
        "worst_gap_db": -28.0
      }
    },
    {
      "type": "Feature",
      "geometry": {
        "type": "Polygon",
        "coordinates": [
          [
            [
              -81.711152,
              32.393445
            ],
            [
              -81.713044,
              32.393978
            ],
            [
              -81.713551,
              32.395736
            ],
            [
              -81.712166,
              32.396961
            ],
            [
              -81.710275,
              32.396428
            ],
            [
              -81.709768,
              32.39467
            ],
            [
              -81.711152,
              32.393445
            ]
          ]
        ]
      },
      "properties": {
        "h3_res9_id": "8944d5a0cdbffff",
        "claimed_minsignal_dbm": -90,
        "n_measurements": 102,
        "n_violations": 102,
        "violation_share": 1.0,
        "avg_measured_dbm": -105.8,
        "worst_measured_dbm": -118.0,
        "avg_gap_db": -15.79,
        "worst_gap_db": -28.0
      }
    },
    {
      "type": "Feature",
      "geometry": {
        "type": "Polygon",
        "coordinates": [
          [
            [
              -81.748485,
              32.402347
            ],
            [
              -81.750377,
              32.40288
            ],
            [
              -81.750885,
              32.404638
            ],
            [
              -81.7495,
              32.405863
            ],
            [
              -81.747608,
              32.405331
            ],
            [
              -81.7471,
              32.403572
            ],
            [
              -81.748485,
              32.402347
            ]
          ]
        ]
      },
      "properties": {
        "h3_res9_id": "8944d5a2bafffff",
        "claimed_minsignal_dbm": -90,
        "n_measurements": 14,
        "n_violations": 14,
        "violation_share": 1.0,
        "avg_measured_dbm": -107.9,
        "worst_measured_dbm": -118.0,
        "avg_gap_db": -17.93,
        "worst_gap_db": -28.0
      }
    },
    {
      "type": "Feature",
      "geometry": {
        "type": "Polygon",
        "coordinates": [
          [
            [
              -81.829562,
              32.429988
            ],
            [
              -81.831458,
              32.43052
            ],
            [
              -81.831968,
              32.432279
            ],
            [
              -81.830582,
              32.433506
            ],
            [
              -81.828686,
              32.432973
            ],
            [
              -81.828176,
              32.431215
            ],
            [
              -81.829562,
              32.429988
            ]
          ]
        ]
      },
      "properties": {
        "h3_res9_id": "8944d5a60cbffff",
        "claimed_minsignal_dbm": -80,
        "n_measurements": 7,
        "n_violations": 7,
        "violation_share": 1.0,
        "avg_measured_dbm": -103.7,
        "worst_measured_dbm": -108.0,
        "avg_gap_db": -23.71,
        "worst_gap_db": -28.0
      }
    },
    {
      "type": "Feature",
      "geometry": {
        "type": "Polygon",
        "coordinates": [
          [
            [
              -81.739811,
              32.348216
            ],
            [
              -81.741702,
              32.348749
            ],
            [
              -81.74221,
              32.350507
            ],
            [
              -81.740826,
              32.351733
            ],
            [
              -81.738934,
              32.3512
            ],
            [
              -81.738427,
              32.349442
            ],
            [
              -81.739811,
              32.348216
            ]
          ]
        ]
      },
      "properties": {
        "h3_res9_id": "8944d5a2123ffff",
        "claimed_minsignal_dbm": -80,
        "n_measurements": 7,
        "n_violations": 7,
        "violation_share": 1.0,
        "avg_measured_dbm": -105.4,
        "worst_measured_dbm": -108.0,
        "avg_gap_db": -25.43,
        "worst_gap_db": -28.0
      }
    },
    {
      "type": "Feature",
      "geometry": {
        "type": "Polygon",
        "coordinates": [
          [
            [
              -81.74327,
              32.378266
            ],
            [
              -81.745162,
              32.378799
            ],
            [
              -81.745669,
              32.380557
            ],
            [
              -81.744285,
              32.381782
            ],
            [
              -81.742393,
              32.38125
            ],
            [
              -81.741885,
              32.379491
            ],
            [
              -81.74327,
              32.378266
            ]
          ]
        ]
      },
      "properties": {
        "h3_res9_id": "8944d5a280bffff",
        "claimed_minsignal_dbm": -90,
        "n_measurements": 24,
        "n_violations": 24,
        "violation_share": 1.0,
        "avg_measured_dbm": -110.1,
        "worst_measured_dbm": -118.0,
        "avg_gap_db": -20.08,
        "worst_gap_db": -28.0
      }
    },
    {
      "type": "Feature",
      "geometry": {
        "type": "Polygon",
        "coordinates": [
          [
            [
              -81.722437,
              32.281936
            ],
            [
              -81.724326,
              32.282468
            ],
            [
              -81.724833,
              32.284226
            ],
            [
              -81.72345,
              32.285453
            ],
            [
              -81.72156,
              32.284921
            ],
            [
              -81.721054,
              32.283163
            ],
            [
              -81.722437,
              32.281936
            ]
          ]
        ]
      },
      "properties": {
        "h3_res9_id": "8944d5b0a43ffff",
        "claimed_minsignal_dbm": -70,
        "n_measurements": 3,
        "n_violations": 3,
        "violation_share": 1.0,
        "avg_measured_dbm": -94.7,
        "worst_measured_dbm": -98.0,
        "avg_gap_db": -24.67,
        "worst_gap_db": -28.0
      }
    },
    {
      "type": "Feature",
      "geometry": {
        "type": "Polygon",
        "coordinates": [
          [
            [
              -81.749362,
              32.399364
            ],
            [
              -81.751254,
              32.399896
            ],
            [
              -81.751762,
              32.401655
            ],
            [
              -81.750377,
              32.40288
            ],
            [
              -81.748485,
              32.402347
            ],
            [
              -81.747977,
              32.400589
            ],
            [
              -81.749362,
              32.399364
            ]
          ]
        ]
      },
      "properties": {
        "h3_res9_id": "8944d5a2ba3ffff",
        "claimed_minsignal_dbm": -90,
        "n_measurements": 16,
        "n_violations": 16,
        "violation_share": 1.0,
        "avg_measured_dbm": -105.9,
        "worst_measured_dbm": -118.0,
        "avg_gap_db": -15.94,
        "worst_gap_db": -28.0
      }
    },
    {
      "type": "Feature",
      "geometry": {
        "type": "Polygon",
        "coordinates": [
          [
            [
              -81.739993,
              32.378959
            ],
            [
              -81.741885,
              32.379491
            ],
            [
              -81.742393,
              32.38125
            ],
            [
              -81.741008,
              32.382475
            ],
            [
              -81.739116,
              32.381942
            ],
            [
              -81.738609,
              32.380184
            ],
            [
              -81.739993,
              32.378959
            ]
          ]
        ]
      },
      "properties": {
        "h3_res9_id": "8944d5a2847ffff",
        "claimed_minsignal_dbm": -90,
        "n_measurements": 9,
        "n_violations": 9,
        "violation_share": 1.0,
        "avg_measured_dbm": -116.9,
        "worst_measured_dbm": -118.0,
        "avg_gap_db": -26.89,
        "worst_gap_db": -28.0
      }
    },
    {
      "type": "Feature",
      "geometry": {
        "type": "Polygon",
        "coordinates": [
          [
            [
              -81.754393,
              32.392704
            ],
            [
              -81.756286,
              32.393236
            ],
            [
              -81.756793,
              32.394995
            ],
            [
              -81.755409,
              32.39622
            ],
            [
              -81.753516,
              32.395687
            ],
            [
              -81.753008,
              32.393929
            ],
            [
              -81.754393,
              32.392704
            ]
          ]
        ]
      },
      "properties": {
        "h3_res9_id": "8944d5a2943ffff",
        "claimed_minsignal_dbm": -90,
        "n_measurements": 11,
        "n_violations": 11,
        "violation_share": 1.0,
        "avg_measured_dbm": -112.8,
        "worst_measured_dbm": -118.0,
        "avg_gap_db": -22.82,
        "worst_gap_db": -28.0
      }
    },
    {
      "type": "Feature",
      "geometry": {
        "type": "Polygon",
        "coordinates": [
          [
            [
              -81.756793,
              32.394995
            ],
            [
              -81.758686,
              32.395527
            ],
            [
              -81.759194,
              32.397286
            ],
            [
              -81.757809,
              32.398511
            ],
            [
              -81.755917,
              32.397978
            ],
            [
              -81.755409,
              32.39622
            ],
            [
              -81.756793,
              32.394995
            ]
          ]
        ]
      },
      "properties": {
        "h3_res9_id": "8944d5a2947ffff",
        "claimed_minsignal_dbm": -90,
        "n_measurements": 37,
        "n_violations": 37,
        "violation_share": 1.0,
        "avg_measured_dbm": -104.7,
        "worst_measured_dbm": -118.0,
        "avg_gap_db": -14.7,
        "worst_gap_db": -28.0
      }
    },
    {
      "type": "Feature",
      "geometry": {
        "type": "Polygon",
        "coordinates": [
          [
            [
              -81.74193,
              32.403732
            ],
            [
              -81.743822,
              32.404265
            ],
            [
              -81.74433,
              32.406023
            ],
            [
              -81.742945,
              32.407248
            ],
            [
              -81.741053,
              32.406715
            ],
            [
              -81.740545,
              32.404957
            ],
            [
              -81.74193,
              32.403732
            ]
          ]
        ]
      },
      "properties": {
        "h3_res9_id": "8944d5a2b3bffff",
        "claimed_minsignal_dbm": -90,
        "n_measurements": 17,
        "n_violations": 17,
        "violation_share": 1.0,
        "avg_measured_dbm": -106.8,
        "worst_measured_dbm": -117.0,
        "avg_gap_db": -16.82,
        "worst_gap_db": -27.0
      }
    },
    {
      "type": "Feature",
      "geometry": {
        "type": "Polygon",
        "coordinates": [
          [
            [
              -81.670809,
              32.37399
            ],
            [
              -81.672699,
              32.374524
            ],
            [
              -81.673205,
              32.376281
            ],
            [
              -81.671821,
              32.377506
            ],
            [
              -81.669931,
              32.376972
            ],
            [
              -81.669425,
              32.375215
            ],
            [
              -81.670809,
              32.37399
            ]
          ]
        ]
      },
      "properties": {
        "h3_res9_id": "8944d5a02b3ffff",
        "claimed_minsignal_dbm": -80,
        "n_measurements": 3,
        "n_violations": 3,
        "violation_share": 1.0,
        "avg_measured_dbm": -107.0,
        "worst_measured_dbm": -107.0,
        "avg_gap_db": -27.0,
        "worst_gap_db": -27.0
      }
    },
    {
      "type": "Feature",
      "geometry": {
        "type": "Polygon",
        "coordinates": [
          [
            [
              -81.820595,
              32.429086
            ],
            [
              -81.82249,
              32.429618
            ],
            [
              -81.823,
              32.431377
            ],
            [
              -81.821614,
              32.432603
            ],
            [
              -81.819719,
              32.432071
            ],
            [
              -81.819209,
              32.430312
            ],
            [
              -81.820595,
              32.429086
            ]
          ]
        ]
      },
      "properties": {
        "h3_res9_id": "8944d5a662bffff",
        "claimed_minsignal_dbm": -90,
        "n_measurements": 10,
        "n_violations": 10,
        "violation_share": 1.0,
        "avg_measured_dbm": -114.5,
        "worst_measured_dbm": -117.0,
        "avg_gap_db": -24.5,
        "worst_gap_db": -27.0
      }
    },
    {
      "type": "Feature",
      "geometry": {
        "type": "Polygon",
        "coordinates": [
          [
            [
              -81.736767,
              32.337667
            ],
            [
              -81.738658,
              32.338199
            ],
            [
              -81.739166,
              32.339958
            ],
            [
              -81.737782,
              32.341184
            ],
            [
              -81.73589,
              32.340651
            ],
            [
              -81.735383,
              32.338893
            ],
            [
              -81.736767,
              32.337667
            ]
          ]
        ]
      },
      "properties": {
        "h3_res9_id": "8944d5a2113ffff",
        "claimed_minsignal_dbm": -90,
        "n_measurements": 6,
        "n_violations": 6,
        "violation_share": 1.0,
        "avg_measured_dbm": -109.7,
        "worst_measured_dbm": -117.0,
        "avg_gap_db": -19.67,
        "worst_gap_db": -27.0
      }
    },
    {
      "type": "Feature",
      "geometry": {
        "type": "Polygon",
        "coordinates": [
          [
            [
              -81.670255,
              32.43842
            ],
            [
              -81.672146,
              32.438954
            ],
            [
              -81.672652,
              32.440712
            ],
            [
              -81.671267,
              32.441935
            ],
            [
              -81.669376,
              32.441401
            ],
            [
              -81.66887,
              32.439643
            ],
            [
              -81.670255,
              32.43842
            ]
          ]
        ]
      },
      "properties": {
        "h3_res9_id": "8944d5a1933ffff",
        "claimed_minsignal_dbm": -90,
        "n_measurements": 3,
        "n_violations": 3,
        "violation_share": 1.0,
        "avg_measured_dbm": -117.0,
        "worst_measured_dbm": -117.0,
        "avg_gap_db": -27.0,
        "worst_gap_db": -27.0
      }
    },
    {
      "type": "Feature",
      "geometry": {
        "type": "Polygon",
        "coordinates": [
          [
            [
              -81.735246,
              32.332392
            ],
            [
              -81.737137,
              32.332925
            ],
            [
              -81.737644,
              32.334683
            ],
            [
              -81.73626,
              32.335909
            ],
            [
              -81.734369,
              32.335377
            ],
            [
              -81.733862,
              32.333618
            ],
            [
              -81.735246,
              32.332392
            ]
          ]
        ]
      },
      "properties": {
        "h3_res9_id": "8944d5a21d7ffff",
        "claimed_minsignal_dbm": -90,
        "n_measurements": 8,
        "n_violations": 8,
        "violation_share": 1.0,
        "avg_measured_dbm": -111.0,
        "worst_measured_dbm": -117.0,
        "avg_gap_db": -21.0,
        "worst_gap_db": -27.0
      }
    },
    {
      "type": "Feature",
      "geometry": {
        "type": "Polygon",
        "coordinates": [
          [
            [
              -81.762432,
              32.438576
            ],
            [
              -81.764325,
              32.439109
            ],
            [
              -81.764834,
              32.440867
            ],
            [
              -81.763448,
              32.442092
            ],
            [
              -81.761554,
              32.441559
            ],
            [
              -81.761046,
              32.439801
            ],
            [
              -81.762432,
              32.438576
            ]
          ]
        ]
      },
      "properties": {
        "h3_res9_id": "8944d5a72a7ffff",
        "claimed_minsignal_dbm": -80,
        "n_measurements": 16,
        "n_violations": 16,
        "violation_share": 1.0,
        "avg_measured_dbm": -96.4,
        "worst_measured_dbm": -107.0,
        "avg_gap_db": -16.38,
        "worst_gap_db": -27.0
      }
    },
    {
      "type": "Feature",
      "geometry": {
        "type": "Polygon",
        "coordinates": [
          [
            [
              -81.737644,
              32.334683
            ],
            [
              -81.739535,
              32.335215
            ],
            [
              -81.740042,
              32.336973
            ],
            [
              -81.738658,
              32.338199
            ],
            [
              -81.736767,
              32.337667
            ],
            [
              -81.73626,
              32.335909
            ],
            [
              -81.737644,
              32.334683
            ]
          ]
        ]
      },
      "properties": {
        "h3_res9_id": "8944d5a218bffff",
        "claimed_minsignal_dbm": -90,
        "n_measurements": 9,
        "n_violations": 9,
        "violation_share": 1.0,
        "avg_measured_dbm": -112.6,
        "worst_measured_dbm": -117.0,
        "avg_gap_db": -22.56,
        "worst_gap_db": -27.0
      }
    },
    {
      "type": "Feature",
      "geometry": {
        "type": "Polygon",
        "coordinates": [
          [
            [
              -81.751992,
              32.390413
            ],
            [
              -81.753885,
              32.390946
            ],
            [
              -81.754393,
              32.392704
            ],
            [
              -81.753008,
              32.393929
            ],
            [
              -81.751116,
              32.393397
            ],
            [
              -81.750608,
              32.391638
            ],
            [
              -81.751992,
              32.390413
            ]
          ]
        ]
      },
      "properties": {
        "h3_res9_id": "8944d5a295bffff",
        "claimed_minsignal_dbm": -90,
        "n_measurements": 10,
        "n_violations": 10,
        "violation_share": 1.0,
        "avg_measured_dbm": -113.5,
        "worst_measured_dbm": -117.0,
        "avg_gap_db": -23.5,
        "worst_gap_db": -27.0
      }
    },
    {
      "type": "Feature",
      "geometry": {
        "type": "Polygon",
        "coordinates": [
          [
            [
              -81.80354,
              32.424294
            ],
            [
              -81.805435,
              32.424827
            ],
            [
              -81.805944,
              32.426585
            ],
            [
              -81.804559,
              32.427811
            ],
            [
              -81.802664,
              32.427279
            ],
            [
              -81.802155,
              32.42552
            ],
            [
              -81.80354,
              32.424294
            ]
          ]
        ]
      },
      "properties": {
        "h3_res9_id": "8944d5a75bbffff",
        "claimed_minsignal_dbm": -80,
        "n_measurements": 8,
        "n_violations": 8,
        "violation_share": 1.0,
        "avg_measured_dbm": -103.2,
        "worst_measured_dbm": -107.0,
        "avg_gap_db": -23.25,
        "worst_gap_db": -27.0
      }
    },
    {
      "type": "Feature",
      "geometry": {
        "type": "Polygon",
        "coordinates": [
          [
            [
              -81.802664,
              32.427279
            ],
            [
              -81.804559,
              32.427811
            ],
            [
              -81.805068,
              32.42957
            ],
            [
              -81.803682,
              32.430796
            ],
            [
              -81.801788,
              32.430263
            ],
            [
              -81.801279,
              32.428505
            ],
            [
              -81.802664,
              32.427279
            ]
          ]
        ]
      },
      "properties": {
        "h3_res9_id": "8944d5a75abffff",
        "claimed_minsignal_dbm": -80,
        "n_measurements": 8,
        "n_violations": 8,
        "violation_share": 1.0,
        "avg_measured_dbm": -102.5,
        "worst_measured_dbm": -107.0,
        "avg_gap_db": -22.5,
        "worst_gap_db": -27.0
      }
    },
    {
      "type": "Feature",
      "geometry": {
        "type": "Polygon",
        "coordinates": [
          [
            [
              -81.674083,
              32.3733
            ],
            [
              -81.675973,
              32.373833
            ],
            [
              -81.676479,
              32.375591
            ],
            [
              -81.675095,
              32.376815
            ],
            [
              -81.673205,
              32.376281
            ],
            [
              -81.672699,
              32.374524
            ],
            [
              -81.674083,
              32.3733
            ]
          ]
        ]
      },
      "properties": {
        "h3_res9_id": "8944d5a004fffff",
        "claimed_minsignal_dbm": -80,
        "n_measurements": 6,
        "n_violations": 6,
        "violation_share": 1.0,
        "avg_measured_dbm": -103.5,
        "worst_measured_dbm": -107.0,
        "avg_gap_db": -23.5,
        "worst_gap_db": -27.0
      }
    },
    {
      "type": "Feature",
      "geometry": {
        "type": "Polygon",
        "coordinates": [
          [
            [
              -81.749085,
              32.452582
            ],
            [
              -81.750979,
              32.453116
            ],
            [
              -81.751487,
              32.454874
            ],
            [
              -81.750101,
              32.456098
            ],
            [
              -81.748208,
              32.455565
            ],
            [
              -81.7477,
              32.453807
            ],
            [
              -81.749085,
              32.452582
            ]
          ]
        ]
      },
      "properties": {
        "h3_res9_id": "8944d5a548fffff",
        "claimed_minsignal_dbm": -80,
        "n_measurements": 6,
        "n_violations": 6,
        "violation_share": 1.0,
        "avg_measured_dbm": -106.7,
        "worst_measured_dbm": -107.0,
        "avg_gap_db": -26.67,
        "worst_gap_db": -27.0
      }
    },
    {
      "type": "Feature",
      "geometry": {
        "type": "Polygon",
        "coordinates": [
          [
            [
              -81.278983,
              32.085181
            ],
            [
              -81.280856,
              32.085716
            ],
            [
              -81.281352,
              32.087471
            ],
            [
              -81.279974,
              32.088692
            ],
            [
              -81.278101,
              32.088157
            ],
            [
              -81.277606,
              32.086402
            ],
            [
              -81.278983,
              32.085181
            ]
          ]
        ]
      },
      "properties": {
        "h3_res9_id": "8944d589a17ffff",
        "claimed_minsignal_dbm": -70,
        "n_measurements": 3,
        "n_violations": 3,
        "violation_share": 1.0,
        "avg_measured_dbm": -91.3,
        "worst_measured_dbm": -97.0,
        "avg_gap_db": -21.33,
        "worst_gap_db": -27.0
      }
    },
    {
      "type": "Feature",
      "geometry": {
        "type": "Polygon",
        "coordinates": [
          [
            [
              -81.763309,
              32.435593
            ],
            [
              -81.765202,
              32.436126
            ],
            [
              -81.765711,
              32.437884
            ],
            [
              -81.764325,
              32.439109
            ],
            [
              -81.762432,
              32.438576
            ],
            [
              -81.761923,
              32.436818
            ],
            [
              -81.763309,
              32.435593
            ]
          ]
        ]
      },
      "properties": {
        "h3_res9_id": "8944d5a72b7ffff",
        "claimed_minsignal_dbm": -70,
        "n_measurements": 4,
        "n_violations": 4,
        "violation_share": 1.0,
        "avg_measured_dbm": -90.2,
        "worst_measured_dbm": -96.0,
        "avg_gap_db": -20.25,
        "worst_gap_db": -26.0
      }
    },
    {
      "type": "Feature",
      "geometry": {
        "type": "Polygon",
        "coordinates": [
          [
            [
              -81.759382,
              32.428027
            ],
            [
              -81.761276,
              32.42856
            ],
            [
              -81.761784,
              32.430318
            ],
            [
              -81.760399,
              32.431543
            ],
            [
              -81.758505,
              32.43101
            ],
            [
              -81.757997,
              32.429252
            ],
            [
              -81.759382,
              32.428027
            ]
          ]
        ]
      },
      "properties": {
        "h3_res9_id": "8944d5a7297ffff",
        "claimed_minsignal_dbm": -60,
        "n_measurements": 5,
        "n_violations": 5,
        "violation_share": 1.0,
        "avg_measured_dbm": -85.6,
        "worst_measured_dbm": -86.0,
        "avg_gap_db": -25.6,
        "worst_gap_db": -26.0
      }
    },
    {
      "type": "Feature",
      "geometry": {
        "type": "Polygon",
        "coordinates": [
          [
            [
              -81.706529,
              32.419595
            ],
            [
              -81.708421,
              32.420128
            ],
            [
              -81.708927,
              32.421886
            ],
            [
              -81.707543,
              32.42311
            ],
            [
              -81.705651,
              32.422577
            ],
            [
              -81.705144,
              32.420819
            ],
            [
              -81.706529,
              32.419595
            ]
          ]
        ]
      },
      "properties": {
        "h3_res9_id": "8944d5a08cfffff",
        "claimed_minsignal_dbm": -90,
        "n_measurements": 4,
        "n_violations": 4,
        "violation_share": 1.0,
        "avg_measured_dbm": -116.0,
        "worst_measured_dbm": -116.0,
        "avg_gap_db": -26.0,
        "worst_gap_db": -26.0
      }
    },
    {
      "type": "Feature",
      "geometry": {
        "type": "Polygon",
        "coordinates": [
          [
            [
              -81.758317,
              32.400269
            ],
            [
              -81.76021,
              32.400802
            ],
            [
              -81.760718,
              32.40256
            ],
            [
              -81.759333,
              32.403786
            ],
            [
              -81.757441,
              32.403253
            ],
            [
              -81.756933,
              32.401495
            ],
            [
              -81.758317,
              32.400269
            ]
          ]
        ]
      },
      "properties": {
        "h3_res9_id": "8944d5a2963ffff",
        "claimed_minsignal_dbm": -90,
        "n_measurements": 27,
        "n_violations": 27,
        "violation_share": 1.0,
        "avg_measured_dbm": -106.0,
        "worst_measured_dbm": -116.0,
        "avg_gap_db": -16.04,
        "worst_gap_db": -26.0
      }
    },
    {
      "type": "Feature",
      "geometry": {
        "type": "Polygon",
        "coordinates": [
          [
            [
              -81.723612,
              32.382421
            ],
            [
              -81.725504,
              32.382954
            ],
            [
              -81.726011,
              32.384712
            ],
            [
              -81.724627,
              32.385937
            ],
            [
              -81.722735,
              32.385404
            ],
            [
              -81.722228,
              32.383646
            ],
            [
              -81.723612,
              32.382421
            ]
          ]
        ]
      },
      "properties": {
        "h3_res9_id": "8944d5a2a03ffff",
        "claimed_minsignal_dbm": -90,
        "n_measurements": 8,
        "n_violations": 8,
        "violation_share": 1.0,
        "avg_measured_dbm": -106.4,
        "worst_measured_dbm": -116.0,
        "avg_gap_db": -16.38,
        "worst_gap_db": -26.0
      }
    },
    {
      "type": "Feature",
      "geometry": {
        "type": "Polygon",
        "coordinates": [
          [
            [
              -81.789997,
              32.407564
            ],
            [
              -81.791891,
              32.408097
            ],
            [
              -81.7924,
              32.409855
            ],
            [
              -81.791015,
              32.411081
            ],
            [
              -81.789121,
              32.410549
            ],
            [
              -81.788612,
              32.40879
            ],
            [
              -81.789997,
              32.407564
            ]
          ]
        ]
      },
      "properties": {
        "h3_res9_id": "8944d5a74b3ffff",
        "claimed_minsignal_dbm": -80,
        "n_measurements": 21,
        "n_violations": 21,
        "violation_share": 1.0,
        "avg_measured_dbm": -101.4,
        "worst_measured_dbm": -105.0,
        "avg_gap_db": -21.38,
        "worst_gap_db": -25.0
      }
    },
    {
      "type": "Feature",
      "geometry": {
        "type": "Polygon",
        "coordinates": [
          [
            [
              -81.702439,
              32.381298
            ],
            [
              -81.704329,
              32.381832
            ],
            [
              -81.704836,
              32.383589
            ],
            [
              -81.703452,
              32.384814
            ],
            [
              -81.701561,
              32.384281
            ],
            [
              -81.701054,
              32.382523
            ],
            [
              -81.702439,
              32.381298
            ]
          ]
        ]
      },
      "properties": {
        "h3_res9_id": "8944d5a018bffff",
        "claimed_minsignal_dbm": -90,
        "n_measurements": 4,
        "n_violations": 4,
        "violation_share": 1.0,
        "avg_measured_dbm": -111.2,
        "worst_measured_dbm": -115.0,
        "avg_gap_db": -21.25,
        "worst_gap_db": -25.0
      }
    },
    {
      "type": "Feature",
      "geometry": {
        "type": "Polygon",
        "coordinates": [
          [
            [
              -81.769447,
              32.414708
            ],
            [
              -81.771341,
              32.41524
            ],
            [
              -81.771849,
              32.416999
            ],
            [
              -81.770464,
              32.418224
            ],
            [
              -81.76857,
              32.417692
            ],
            [
              -81.768062,
              32.415933
            ],
            [
              -81.769447,
              32.414708
            ]
          ]
        ]
      },
      "properties": {
        "h3_res9_id": "8944d5a76b7ffff",
        "claimed_minsignal_dbm": -80,
        "n_measurements": 16,
        "n_violations": 16,
        "violation_share": 1.0,
        "avg_measured_dbm": -101.9,
        "worst_measured_dbm": -105.0,
        "avg_gap_db": -21.88,
        "worst_gap_db": -25.0
      }
    },
    {
      "type": "Feature",
      "geometry": {
        "type": "Polygon",
        "coordinates": [
          [
            [
              -81.665779,
              32.380644
            ],
            [
              -81.667669,
              32.381178
            ],
            [
              -81.668175,
              32.382936
            ],
            [
              -81.666791,
              32.38416
            ],
            [
              -81.664901,
              32.383626
            ],
            [
              -81.664395,
              32.381868
            ],
            [
              -81.665779,
              32.380644
            ]
          ]
        ]
      },
      "properties": {
        "h3_res9_id": "8944d5a0233ffff",
        "claimed_minsignal_dbm": -90,
        "n_measurements": 8,
        "n_violations": 8,
        "violation_share": 1.0,
        "avg_measured_dbm": -112.0,
        "worst_measured_dbm": -115.0,
        "avg_gap_db": -22.0,
        "worst_gap_db": -25.0
      }
    },
    {
      "type": "Feature",
      "geometry": {
        "type": "Polygon",
        "coordinates": [
          [
            [
              -81.767046,
              32.412417
            ],
            [
              -81.768939,
              32.41295
            ],
            [
              -81.769447,
              32.414708
            ],
            [
              -81.768062,
              32.415933
            ],
            [
              -81.766169,
              32.415401
            ],
            [
              -81.76566,
              32.413642
            ],
            [
              -81.767046,
              32.412417
            ]
          ]
        ]
      },
      "properties": {
        "h3_res9_id": "8944d5a76b3ffff",
        "claimed_minsignal_dbm": -80,
        "n_measurements": 16,
        "n_violations": 16,
        "violation_share": 1.0,
        "avg_measured_dbm": -98.9,
        "worst_measured_dbm": -105.0,
        "avg_gap_db": -18.88,
        "worst_gap_db": -25.0
      }
    },
    {
      "type": "Feature",
      "geometry": {
        "type": "Polygon",
        "coordinates": [
          [
            [
              -81.700041,
              32.379008
            ],
            [
              -81.701932,
              32.379541
            ],
            [
              -81.702439,
              32.381298
            ],
            [
              -81.701054,
              32.382523
            ],
            [
              -81.699163,
              32.38199
            ],
            [
              -81.698657,
              32.380232
            ],
            [
              -81.700041,
              32.379008
            ]
          ]
        ]
      },
      "properties": {
        "h3_res9_id": "8944d5a01d7ffff",
        "claimed_minsignal_dbm": -90,
        "n_measurements": 5,
        "n_violations": 5,
        "violation_share": 1.0,
        "avg_measured_dbm": -115.0,
        "worst_measured_dbm": -115.0,
        "avg_gap_db": -25.0,
        "worst_gap_db": -25.0
      }
    },
    {
      "type": "Feature",
      "geometry": {
        "type": "Polygon",
        "coordinates": [
          [
            [
              -81.673455,
              32.479684
            ],
            [
              -81.675347,
              32.480218
            ],
            [
              -81.675854,
              32.481976
            ],
            [
              -81.674468,
              32.483198
            ],
            [
              -81.672576,
              32.482664
            ],
            [
              -81.67207,
              32.480907
            ],
            [
              -81.673455,
              32.479684
            ]
          ]
        ]
      },
      "properties": {
        "h3_res9_id": "8944d5ae067ffff",
        "claimed_minsignal_dbm": -90,
        "n_measurements": 9,
        "n_violations": 9,
        "violation_share": 1.0,
        "avg_measured_dbm": -110.0,
        "worst_measured_dbm": -115.0,
        "avg_gap_db": -20.0,
        "worst_gap_db": -25.0
      }
    },
    {
      "type": "Feature",
      "geometry": {
        "type": "Polygon",
        "coordinates": [
          [
            [
              -81.694369,
              32.377408
            ],
            [
              -81.69626,
              32.377941
            ],
            [
              -81.696766,
              32.379699
            ],
            [
              -81.695382,
              32.380924
            ],
            [
              -81.693491,
              32.38039
            ],
            [
              -81.692985,
              32.378633
            ],
            [
              -81.694369,
              32.377408
            ]
          ]
        ]
      },
      "properties": {
        "h3_res9_id": "8944d5a01dbffff",
        "claimed_minsignal_dbm": -90,
        "n_measurements": 4,
        "n_violations": 4,
        "violation_share": 1.0,
        "avg_measured_dbm": -112.0,
        "worst_measured_dbm": -115.0,
        "avg_gap_db": -22.0,
        "worst_gap_db": -25.0
      }
    },
    {
      "type": "Feature",
      "geometry": {
        "type": "Polygon",
        "coordinates": [
          [
            [
              -81.751301,
              32.424137
            ],
            [
              -81.753194,
              32.42467
            ],
            [
              -81.753702,
              32.426428
            ],
            [
              -81.752317,
              32.427653
            ],
            [
              -81.750424,
              32.42712
            ],
            [
              -81.749916,
              32.425362
            ],
            [
              -81.751301,
              32.424137
            ]
          ]
        ]
      },
      "properties": {
        "h3_res9_id": "8944d5a766fffff",
        "claimed_minsignal_dbm": -90,
        "n_measurements": 9,
        "n_violations": 9,
        "violation_share": 1.0,
        "avg_measured_dbm": -102.0,
        "worst_measured_dbm": -115.0,
        "avg_gap_db": -12.0,
        "worst_gap_db": -25.0
      }
    },
    {
      "type": "Feature",
      "geometry": {
        "type": "Polygon",
        "coordinates": [
          [
            [
              -81.830438,
              32.427003
            ],
            [
              -81.832334,
              32.427535
            ],
            [
              -81.832844,
              32.429294
            ],
            [
              -81.831458,
              32.43052
            ],
            [
              -81.829562,
              32.429988
            ],
            [
              -81.829052,
              32.42823
            ],
            [
              -81.830438,
              32.427003
            ]
          ]
        ]
      },
      "properties": {
        "h3_res9_id": "8944d5a60dbffff",
        "claimed_minsignal_dbm": -80,
        "n_measurements": 12,
        "n_violations": 12,
        "violation_share": 1.0,
        "avg_measured_dbm": -101.1,
        "worst_measured_dbm": -105.0,
        "avg_gap_db": -21.08,
        "worst_gap_db": -25.0
      }
    },
    {
      "type": "Feature",
      "geometry": {
        "type": "Polygon",
        "coordinates": [
          [
            [
              -81.717704,
              32.392062
            ],
            [
              -81.719596,
              32.392595
            ],
            [
              -81.720103,
              32.394353
            ],
            [
              -81.718718,
              32.395578
            ],
            [
              -81.716827,
              32.395045
            ],
            [
              -81.71632,
              32.393287
            ],
            [
              -81.717704,
              32.392062
            ]
          ]
        ]
      },
      "properties": {
        "h3_res9_id": "8944d5a2a6fffff",
        "claimed_minsignal_dbm": -90,
        "n_measurements": 37,
        "n_violations": 37,
        "violation_share": 1.0,
        "avg_measured_dbm": -109.5,
        "worst_measured_dbm": -115.0,
        "avg_gap_db": -19.49,
        "worst_gap_db": -25.0
      }
    },
    {
      "type": "Feature",
      "geometry": {
        "type": "Polygon",
        "coordinates": [
          [
            [
              -81.760718,
              32.40256
            ],
            [
              -81.762611,
              32.403093
            ],
            [
              -81.76312,
              32.404851
            ],
            [
              -81.761735,
              32.406077
            ],
            [
              -81.759842,
              32.405544
            ],
            [
              -81.759333,
              32.403786
            ],
            [
              -81.760718,
              32.40256
            ]
          ]
        ]
      },
      "properties": {
        "h3_res9_id": "8944d5a2967ffff",
        "claimed_minsignal_dbm": -90,
        "n_measurements": 28,
        "n_violations": 28,
        "violation_share": 1.0,
        "avg_measured_dbm": -106.0,
        "worst_measured_dbm": -115.0,
        "avg_gap_db": -16.04,
        "worst_gap_db": -25.0
      }
    },
    {
      "type": "Feature",
      "geometry": {
        "type": "Polygon",
        "coordinates": [
          [
            [
              -81.673845,
              32.384536
            ],
            [
              -81.675735,
              32.38507
            ],
            [
              -81.676241,
              32.386827
            ],
            [
              -81.674857,
              32.388051
            ],
            [
              -81.672966,
              32.387518
            ],
            [
              -81.67246,
              32.38576
            ],
            [
              -81.673845,
              32.384536
            ]
          ]
        ]
      },
      "properties": {
        "h3_res9_id": "8944d5a03c3ffff",
        "claimed_minsignal_dbm": -90,
        "n_measurements": 5,
        "n_violations": 5,
        "violation_share": 1.0,
        "avg_measured_dbm": -112.6,
        "worst_measured_dbm": -115.0,
        "avg_gap_db": -22.6,
        "worst_gap_db": -25.0
      }
    },
    {
      "type": "Feature",
      "geometry": {
        "type": "Polygon",
        "coordinates": [
          [
            [
              -81.739249,
              32.454656
            ],
            [
              -81.741142,
              32.455189
            ],
            [
              -81.74165,
              32.456947
            ],
            [
              -81.740264,
              32.458172
            ],
            [
              -81.738371,
              32.457638
            ],
            [
              -81.737863,
              32.45588
            ],
            [
              -81.739249,
              32.454656
            ]
          ]
        ]
      },
      "properties": {
        "h3_res9_id": "8944d5a5457ffff",
        "claimed_minsignal_dbm": -80,
        "n_measurements": 4,
        "n_violations": 4,
        "violation_share": 1.0,
        "avg_measured_dbm": -105.0,
        "worst_measured_dbm": -105.0,
        "avg_gap_db": -25.0,
        "worst_gap_db": -25.0
      }
    },
    {
      "type": "Feature",
      "geometry": {
        "type": "Polygon",
        "coordinates": [
          [
            [
              -81.7489,
              32.421846
            ],
            [
              -81.750793,
              32.422379
            ],
            [
              -81.751301,
              32.424137
            ],
            [
              -81.749916,
              32.425362
            ],
            [
              -81.748023,
              32.424829
            ],
            [
              -81.747515,
              32.423071
            ],
            [
              -81.7489,
              32.421846
            ]
          ]
        ]
      },
      "properties": {
        "h3_res9_id": "8944d5a766bffff",
        "claimed_minsignal_dbm": -90,
        "n_measurements": 4,
        "n_violations": 4,
        "violation_share": 1.0,
        "avg_measured_dbm": -114.0,
        "worst_measured_dbm": -115.0,
        "avg_gap_db": -24.0,
        "worst_gap_db": -25.0
      }
    },
    {
      "type": "Feature",
      "geometry": {
        "type": "Polygon",
        "coordinates": [
          [
            [
              -81.774251,
              32.41929
            ],
            [
              -81.776145,
              32.419822
            ],
            [
              -81.776653,
              32.421581
            ],
            [
              -81.775268,
              32.422806
            ],
            [
              -81.773374,
              32.422274
            ],
            [
              -81.772866,
              32.420515
            ],
            [
              -81.774251,
              32.41929
            ]
          ]
        ]
      },
      "properties": {
        "h3_res9_id": "8944d5a746fffff",
        "claimed_minsignal_dbm": -80,
        "n_measurements": 6,
        "n_violations": 6,
        "violation_share": 1.0,
        "avg_measured_dbm": -96.3,
        "worst_measured_dbm": -104.0,
        "avg_gap_db": -16.33,
        "worst_gap_db": -24.0
      }
    },
    {
      "type": "Feature",
      "geometry": {
        "type": "Polygon",
        "coordinates": [
          [
            [
              -81.708111,
              32.382898
            ],
            [
              -81.710003,
              32.383431
            ],
            [
              -81.710509,
              32.385189
            ],
            [
              -81.709125,
              32.386414
            ],
            [
              -81.707234,
              32.38588
            ],
            [
              -81.706727,
              32.384123
            ],
            [
              -81.708111,
              32.382898
            ]
          ]
        ]
      },
      "properties": {
        "h3_res9_id": "8944d5a0187ffff",
        "claimed_minsignal_dbm": -90,
        "n_measurements": 9,
        "n_violations": 9,
        "violation_share": 1.0,
        "avg_measured_dbm": -110.4,
        "worst_measured_dbm": -114.0,
        "avg_gap_db": -20.44,
        "worst_gap_db": -24.0
      }
    },
    {
      "type": "Feature",
      "geometry": {
        "type": "Polygon",
        "coordinates": [
          [
            [
              -81.708754,
              32.391154
            ],
            [
              -81.710645,
              32.391687
            ],
            [
              -81.711152,
              32.393445
            ],
            [
              -81.709768,
              32.39467
            ],
            [
              -81.707877,
              32.394137
            ],
            [
              -81.70737,
              32.392379
            ],
            [
              -81.708754,
              32.391154
            ]
          ]
        ]
      },
      "properties": {
        "h3_res9_id": "8944d5a01afffff",
        "claimed_minsignal_dbm": -90,
        "n_measurements": 5,
        "n_violations": 5,
        "violation_share": 1.0,
        "avg_measured_dbm": -113.0,
        "worst_measured_dbm": -114.0,
        "avg_gap_db": -23.0,
        "worst_gap_db": -24.0
      }
    },
    {
      "type": "Feature",
      "geometry": {
        "type": "Polygon",
        "coordinates": [
          [
            [
              -81.7924,
              32.409855
            ],
            [
              -81.794294,
              32.410388
            ],
            [
              -81.794803,
              32.412146
            ],
            [
              -81.793418,
              32.413372
            ],
            [
              -81.791523,
              32.41284
            ],
            [
              -81.791015,
              32.411081
            ],
            [
              -81.7924,
              32.409855
            ]
          ]
        ]
      },
      "properties": {
        "h3_res9_id": "8944d5a74b7ffff",
        "claimed_minsignal_dbm": -80,
        "n_measurements": 26,
        "n_violations": 26,
        "violation_share": 1.0,
        "avg_measured_dbm": -100.8,
        "worst_measured_dbm": -104.0,
        "avg_gap_db": -20.81,
        "worst_gap_db": -24.0
      }
    },
    {
      "type": "Feature",
      "geometry": {
        "type": "Polygon",
        "coordinates": [
          [
            [
              -81.743732,
              32.355781
            ],
            [
              -81.745624,
              32.356314
            ],
            [
              -81.746131,
              32.358072
            ],
            [
              -81.744747,
              32.359298
            ],
            [
              -81.742855,
              32.358765
            ],
            [
              -81.742348,
              32.357007
            ],
            [
              -81.743732,
              32.355781
            ]
          ]
        ]
      },
      "properties": {
        "h3_res9_id": "8944d5a2c43ffff",
        "claimed_minsignal_dbm": -90,
        "n_measurements": 7,
        "n_violations": 7,
        "violation_share": 1.0,
        "avg_measured_dbm": -103.3,
        "worst_measured_dbm": -114.0,
        "avg_gap_db": -13.29,
        "worst_gap_db": -24.0
      }
    },
    {
      "type": "Feature",
      "geometry": {
        "type": "Polygon",
        "coordinates": [
          [
            [
              -81.806821,
              32.423601
            ],
            [
              -81.808715,
              32.424133
            ],
            [
              -81.809225,
              32.425892
            ],
            [
              -81.807839,
              32.427118
            ],
            [
              -81.805944,
              32.426585
            ],
            [
              -81.805435,
              32.424827
            ],
            [
              -81.806821,
              32.423601
            ]
          ]
        ]
      },
      "properties": {
        "h3_res9_id": "8944d5a75b3ffff",
        "claimed_minsignal_dbm": -90,
        "n_measurements": 20,
        "n_violations": 20,
        "violation_share": 1.0,
        "avg_measured_dbm": -102.8,
        "worst_measured_dbm": -114.0,
        "avg_gap_db": -12.85,
        "worst_gap_db": -24.0
      }
    },
    {
      "type": "Feature",
      "geometry": {
        "type": "Polygon",
        "coordinates": [
          [
            [
              -81.752639,
              32.398671
            ],
            [
              -81.754532,
              32.399204
            ],
            [
              -81.75504,
              32.400962
            ],
            [
              -81.753655,
              32.402187
            ],
            [
              -81.751762,
              32.401655
            ],
            [
              -81.751254,
              32.399896
            ],
            [
              -81.752639,
              32.398671
            ]
          ]
        ]
      },
      "properties": {
        "h3_res9_id": "8944d5a2bb7ffff",
        "claimed_minsignal_dbm": -90,
        "n_measurements": 18,
        "n_violations": 18,
        "violation_share": 1.0,
        "avg_measured_dbm": -107.2,
        "worst_measured_dbm": -114.0,
        "avg_gap_db": -17.17,
        "worst_gap_db": -24.0
      }
    },
    {
      "type": "Feature",
      "geometry": {
        "type": "Polygon",
        "coordinates": [
          [
            [
              -81.764644,
              32.410126
            ],
            [
              -81.766537,
              32.410659
            ],
            [
              -81.767046,
              32.412417
            ],
            [
              -81.76566,
              32.413642
            ],
            [
              -81.763767,
              32.41311
            ],
            [
              -81.763259,
              32.411351
            ],
            [
              -81.764644,
              32.410126
            ]
          ]
        ]
      },
      "properties": {
        "h3_res9_id": "8944d5a7687ffff",
        "claimed_minsignal_dbm": -80,
        "n_measurements": 15,
        "n_violations": 15,
        "violation_share": 1.0,
        "avg_measured_dbm": -97.3,
        "worst_measured_dbm": -104.0,
        "avg_gap_db": -17.33,
        "worst_gap_db": -24.0
      }
    },
    {
      "type": "Feature",
      "geometry": {
        "type": "Polygon",
        "coordinates": [
          [
            [
              -81.773374,
              32.422274
            ],
            [
              -81.775268,
              32.422806
            ],
            [
              -81.775777,
              32.424565
            ],
            [
              -81.774391,
              32.42579
            ],
            [
              -81.772498,
              32.425257
            ],
            [
              -81.771989,
              32.423499
            ],
            [
              -81.773374,
              32.422274
            ]
          ]
        ]
      },
      "properties": {
        "h3_res9_id": "8944d5a70d7ffff",
        "claimed_minsignal_dbm": -80,
        "n_measurements": 30,
        "n_violations": 27,
        "violation_share": 0.9,
        "avg_measured_dbm": -93.0,
        "worst_measured_dbm": -104.0,
        "avg_gap_db": -14.56,
        "worst_gap_db": -24.0
      }
    },
    {
      "type": "Feature",
      "geometry": {
        "type": "Polygon",
        "coordinates": [
          [
            [
              -81.755457,
              32.420461
            ],
            [
              -81.75735,
              32.420994
            ],
            [
              -81.757858,
              32.422752
            ],
            [
              -81.756473,
              32.423978
            ],
            [
              -81.75458,
              32.423445
            ],
            [
              -81.754071,
              32.421687
            ],
            [
              -81.755457,
              32.420461
            ]
          ]
        ]
      },
      "properties": {
        "h3_res9_id": "8944d5a7677ffff",
        "claimed_minsignal_dbm": -90,
        "n_measurements": 4,
        "n_violations": 4,
        "violation_share": 1.0,
        "avg_measured_dbm": -111.5,
        "worst_measured_dbm": -114.0,
        "avg_gap_db": -21.5,
        "worst_gap_db": -24.0
      }
    },
    {
      "type": "Feature",
      "geometry": {
        "type": "Polygon",
        "coordinates": [
          [
            [
              -81.756334,
              32.417478
            ],
            [
              -81.758227,
              32.418011
            ],
            [
              -81.758735,
              32.419769
            ],
            [
              -81.75735,
              32.420994
            ],
            [
              -81.755457,
              32.420461
            ],
            [
              -81.754949,
              32.418703
            ],
            [
              -81.756334,
              32.417478
            ]
          ]
        ]
      },
      "properties": {
        "h3_res9_id": "8944d5a760fffff",
        "claimed_minsignal_dbm": -90,
        "n_measurements": 4,
        "n_violations": 4,
        "violation_share": 1.0,
        "avg_measured_dbm": -114.0,
        "worst_measured_dbm": -114.0,
        "avg_gap_db": -24.0,
        "worst_gap_db": -24.0
      }
    },
    {
      "type": "Feature",
      "geometry": {
        "type": "Polygon",
        "coordinates": [
          [
            [
              -81.685186,
              32.387737
            ],
            [
              -81.687077,
              32.38827
            ],
            [
              -81.687583,
              32.390028
            ],
            [
              -81.686199,
              32.391252
            ],
            [
              -81.684308,
              32.390719
            ],
            [
              -81.683802,
              32.388961
            ],
            [
              -81.685186,
              32.387737
            ]
          ]
        ]
      },
      "properties": {
        "h3_res9_id": "8944d5a0387ffff",
        "claimed_minsignal_dbm": -80,
        "n_measurements": 5,
        "n_violations": 5,
        "violation_share": 1.0,
        "avg_measured_dbm": -102.4,
        "worst_measured_dbm": -104.0,
        "avg_gap_db": -22.4,
        "worst_gap_db": -24.0
      }
    },
    {
      "type": "Feature",
      "geometry": {
        "type": "Polygon",
        "coordinates": [
          [
            [
              -81.685448,
              32.491143
            ],
            [
              -81.687341,
              32.491678
            ],
            [
              -81.687848,
              32.493435
            ],
            [
              -81.686462,
              32.494658
            ],
            [
              -81.68457,
              32.494124
            ],
            [
              -81.684063,
              32.492366
            ],
            [
              -81.685448,
              32.491143
            ]
          ]
        ]
      },
      "properties": {
        "h3_res9_id": "8944d5ae17bffff",
        "claimed_minsignal_dbm": -90,
        "n_measurements": 21,
        "n_violations": 21,
        "violation_share": 1.0,
        "avg_measured_dbm": -112.0,
        "worst_measured_dbm": -114.0,
        "avg_gap_db": -22.0,
        "worst_gap_db": -24.0
      }
    },
    {
      "type": "Feature",
      "geometry": {
        "type": "Polygon",
        "coordinates": [
          [
            [
              -81.778179,
              32.426856
            ],
            [
              -81.780073,
              32.427388
            ],
            [
              -81.780582,
              32.429147
            ],
            [
              -81.779196,
              32.430372
            ],
            [
              -81.777302,
              32.429839
            ],
            [
              -81.776794,
              32.428081
            ],
            [
              -81.778179,
              32.426856
            ]
          ]
        ]
      },
      "properties": {
        "h3_res9_id": "8944d5a708fffff",
        "claimed_minsignal_dbm": -80,
        "n_measurements": 23,
        "n_violations": 18,
        "violation_share": 0.7826,
        "avg_measured_dbm": -89.2,
        "worst_measured_dbm": -104.0,
        "avg_gap_db": -12.06,
        "worst_gap_db": -24.0
      }
    },
    {
      "type": "Feature",
      "geometry": {
        "type": "Polygon",
        "coordinates": [
          [
            [
              -81.770972,
              32.419983
            ],
            [
              -81.772866,
              32.420515
            ],
            [
              -81.773374,
              32.422274
            ],
            [
              -81.771989,
              32.423499
            ],
            [
              -81.770096,
              32.422966
            ],
            [
              -81.769587,
              32.421208
            ],
            [
              -81.770972,
              32.419983
            ]
          ]
        ]
      },
      "properties": {
        "h3_res9_id": "8944d5a70d3ffff",
        "claimed_minsignal_dbm": -80,
        "n_measurements": 11,
        "n_violations": 11,
        "violation_share": 1.0,
        "avg_measured_dbm": -97.0,
        "worst_measured_dbm": -104.0,
        "avg_gap_db": -17.0,
        "worst_gap_db": -24.0
      }
    },
    {
      "type": "Feature",
      "geometry": {
        "type": "Polygon",
        "coordinates": [
          [
            [
              -81.668175,
              32.382936
            ],
            [
              -81.670065,
              32.383469
            ],
            [
              -81.67057,
              32.385227
            ],
            [
              -81.669186,
              32.386451
            ],
            [
              -81.667296,
              32.385917
            ],
            [
              -81.666791,
              32.38416
            ],
            [
              -81.668175,
              32.382936
            ]
          ]
        ]
      },
      "properties": {
        "h3_res9_id": "8944d5a0237ffff",
        "claimed_minsignal_dbm": -90,
        "n_measurements": 5,
        "n_violations": 5,
        "violation_share": 1.0,
        "avg_measured_dbm": -114.0,
        "worst_measured_dbm": -114.0,
        "avg_gap_db": -24.0,
        "worst_gap_db": -24.0
      }
    },
    {
      "type": "Feature",
      "geometry": {
        "type": "Polygon",
        "coordinates": [
          [
            [
              -81.746499,
              32.419554
            ],
            [
              -81.748392,
              32.420088
            ],
            [
              -81.7489,
              32.421846
            ],
            [
              -81.747515,
              32.423071
            ],
            [
              -81.745622,
              32.422538
            ],
            [
              -81.745114,
              32.42078
            ],
            [
              -81.746499,
              32.419554
            ]
          ]
        ]
      },
      "properties": {
        "h3_res9_id": "8944d5a0db7ffff",
        "claimed_minsignal_dbm": -90,
        "n_measurements": 5,
        "n_violations": 5,
        "violation_share": 1.0,
        "avg_measured_dbm": -112.2,
        "worst_measured_dbm": -113.0,
        "avg_gap_db": -22.2,
        "worst_gap_db": -23.0
      }
    },
    {
      "type": "Feature",
      "geometry": {
        "type": "Polygon",
        "coordinates": [
          [
            [
              -81.749592,
              32.388122
            ],
            [
              -81.751485,
              32.388655
            ],
            [
              -81.751992,
              32.390413
            ],
            [
              -81.750608,
              32.391638
            ],
            [
              -81.748715,
              32.391106
            ],
            [
              -81.748208,
              32.389348
            ],
            [
              -81.749592,
              32.388122
            ]
          ]
        ]
      },
      "properties": {
        "h3_res9_id": "8944d5a282fffff",
        "claimed_minsignal_dbm": -90,
        "n_measurements": 7,
        "n_violations": 7,
        "violation_share": 1.0,
        "avg_measured_dbm": -109.6,
        "worst_measured_dbm": -113.0,
        "avg_gap_db": -19.57,
        "worst_gap_db": -23.0
      }
    },
    {
      "type": "Feature",
      "geometry": {
        "type": "Polygon",
        "coordinates": [
          [
            [
              -81.699976,
              32.420976
            ],
            [
              -81.701868,
              32.42151
            ],
            [
              -81.702374,
              32.423267
            ],
            [
              -81.70099,
              32.424491
            ],
            [
              -81.699098,
              32.423958
            ],
            [
              -81.698591,
              32.4222
            ],
            [
              -81.699976,
              32.420976
            ]
          ]
        ]
      },
      "properties": {
        "h3_res9_id": "8944d5a085bffff",
        "claimed_minsignal_dbm": -90,
        "n_measurements": 5,
        "n_violations": 5,
        "violation_share": 1.0,
        "avg_measured_dbm": -113.0,
        "worst_measured_dbm": -113.0,
        "avg_gap_db": -23.0,
        "worst_gap_db": -23.0
      }
    },
    {
      "type": "Feature",
      "geometry": {
        "type": "Polygon",
        "coordinates": [
          [
            [
              -81.733621,
              32.411082
            ],
            [
              -81.735513,
              32.411615
            ],
            [
              -81.736021,
              32.413373
            ],
            [
              -81.734636,
              32.414598
            ],
            [
              -81.732744,
              32.414065
            ],
            [
              -81.732236,
              32.412307
            ],
            [
              -81.733621,
              32.411082
            ]
          ]
        ]
      },
      "properties": {
        "h3_res9_id": "8944d5a0dd7ffff",
        "claimed_minsignal_dbm": -90,
        "n_measurements": 8,
        "n_violations": 8,
        "violation_share": 1.0,
        "avg_measured_dbm": -107.5,
        "worst_measured_dbm": -113.0,
        "avg_gap_db": -17.5,
        "worst_gap_db": -23.0
      }
    },
    {
      "type": "Feature",
      "geometry": {
        "type": "Polygon",
        "coordinates": [
          [
            [
              -81.703189,
              32.462249
            ],
            [
              -81.705081,
              32.462783
            ],
            [
              -81.705588,
              32.464541
            ],
            [
              -81.704203,
              32.465764
            ],
            [
              -81.70231,
              32.46523
            ],
            [
              -81.701803,
              32.463473
            ],
            [
              -81.703189,
              32.462249
            ]
          ]
        ]
      },
      "properties": {
        "h3_res9_id": "8944d5ae58fffff",
        "claimed_minsignal_dbm": -90,
        "n_measurements": 5,
        "n_violations": 5,
        "violation_share": 1.0,
        "avg_measured_dbm": -110.2,
        "worst_measured_dbm": -112.0,
        "avg_gap_db": -20.2,
        "worst_gap_db": -22.0
      }
    },
    {
      "type": "Feature",
      "geometry": {
        "type": "Polygon",
        "coordinates": [
          [
            [
              -81.710275,
              32.396428
            ],
            [
              -81.712166,
              32.396961
            ],
            [
              -81.712673,
              32.398719
            ],
            [
              -81.711288,
              32.399943
            ],
            [
              -81.709397,
              32.39941
            ],
            [
              -81.70889,
              32.397652
            ],
            [
              -81.710275,
              32.396428
            ]
          ]
        ]
      },
      "properties": {
        "h3_res9_id": "8944d5a0ccbffff",
        "claimed_minsignal_dbm": -90,
        "n_measurements": 10,
        "n_violations": 10,
        "violation_share": 1.0,
        "avg_measured_dbm": -109.1,
        "worst_measured_dbm": -112.0,
        "avg_gap_db": -19.1,
        "worst_gap_db": -22.0
      }
    },
    {
      "type": "Feature",
      "geometry": {
        "type": "Polygon",
        "coordinates": [
          [
            [
              -81.686301,
              32.373517
            ],
            [
              -81.688192,
              32.374051
            ],
            [
              -81.688698,
              32.375808
            ],
            [
              -81.687314,
              32.377033
            ],
            [
              -81.685423,
              32.3765
            ],
            [
              -81.684917,
              32.374742
            ],
            [
              -81.686301,
              32.373517
            ]
          ]
        ]
      },
      "properties": {
        "h3_res9_id": "8944d5a0007ffff",
        "claimed_minsignal_dbm": -90,
        "n_measurements": 4,
        "n_violations": 4,
        "violation_share": 1.0,
        "avg_measured_dbm": -106.0,
        "worst_measured_dbm": -112.0,
        "avg_gap_db": -16.0,
        "worst_gap_db": -22.0
      }
    },
    {
      "type": "Feature",
      "geometry": {
        "type": "Polygon",
        "coordinates": [
          [
            [
              -81.669931,
              32.376972
            ],
            [
              -81.671821,
              32.377506
            ],
            [
              -81.672327,
              32.379263
            ],
            [
              -81.670943,
              32.380487
            ],
            [
              -81.669053,
              32.379954
            ],
            [
              -81.668547,
              32.378196
            ],
            [
              -81.669931,
              32.376972
            ]
          ]
        ]
      },
      "properties": {
        "h3_res9_id": "8944d5a02a3ffff",
        "claimed_minsignal_dbm": -90,
        "n_measurements": 3,
        "n_violations": 3,
        "violation_share": 1.0,
        "avg_measured_dbm": -110.3,
        "worst_measured_dbm": -112.0,
        "avg_gap_db": -20.33,
        "worst_gap_db": -22.0
      }
    },
    {
      "type": "Feature",
      "geometry": {
        "type": "Polygon",
        "coordinates": [
          [
            [
              -81.666657,
              32.377663
            ],
            [
              -81.668547,
              32.378196
            ],
            [
              -81.669053,
              32.379954
            ],
            [
              -81.667669,
              32.381178
            ],
            [
              -81.665779,
              32.380644
            ],
            [
              -81.665273,
              32.378887
            ],
            [
              -81.666657,
              32.377663
            ]
          ]
        ]
      },
      "properties": {
        "h3_res9_id": "8944d5a02abffff",
        "claimed_minsignal_dbm": -90,
        "n_measurements": 4,
        "n_violations": 4,
        "violation_share": 1.0,
        "avg_measured_dbm": -109.5,
        "worst_measured_dbm": -112.0,
        "avg_gap_db": -19.5,
        "worst_gap_db": -22.0
      }
    },
    {
      "type": "Feature",
      "geometry": {
        "type": "Polygon",
        "coordinates": [
          [
            [
              -81.689576,
              32.372826
            ],
            [
              -81.691466,
              32.373359
            ],
            [
              -81.691972,
              32.375117
            ],
            [
              -81.690588,
              32.376342
            ],
            [
              -81.688698,
              32.375808
            ],
            [
              -81.688192,
              32.374051
            ],
            [
              -81.689576,
              32.372826
            ]
          ]
        ]
      },
      "properties": {
        "h3_res9_id": "8944d5a00abffff",
        "claimed_minsignal_dbm": -90,
        "n_measurements": 3,
        "n_violations": 3,
        "violation_share": 1.0,
        "avg_measured_dbm": -112.0,
        "worst_measured_dbm": -112.0,
        "avg_gap_db": -22.0,
        "worst_gap_db": -22.0
      }
    },
    {
      "type": "Feature",
      "geometry": {
        "type": "Polygon",
        "coordinates": [
          [
            [
              -81.704067,
              32.459268
            ],
            [
              -81.705959,
              32.459802
            ],
            [
              -81.706466,
              32.461559
            ],
            [
              -81.705081,
              32.462783
            ],
            [
              -81.703189,
              32.462249
            ],
            [
              -81.702682,
              32.460491
            ],
            [
              -81.704067,
              32.459268
            ]
          ]
        ]
      },
      "properties": {
        "h3_res9_id": "8944d5ae583ffff",
        "claimed_minsignal_dbm": -90,
        "n_measurements": 3,
        "n_violations": 3,
        "violation_share": 1.0,
        "avg_measured_dbm": -112.0,
        "worst_measured_dbm": -112.0,
        "avg_gap_db": -22.0,
        "worst_gap_db": -22.0
      }
    },
    {
      "type": "Feature",
      "geometry": {
        "type": "Polygon",
        "coordinates": [
          [
            [
              -81.691972,
              32.375117
            ],
            [
              -81.693863,
              32.37565
            ],
            [
              -81.694369,
              32.377408
            ],
            [
              -81.692985,
              32.378633
            ],
            [
              -81.691094,
              32.378099
            ],
            [
              -81.690588,
              32.376342
            ],
            [
              -81.691972,
              32.375117
            ]
          ]
        ]
      },
      "properties": {
        "h3_res9_id": "8944d5a00afffff",
        "claimed_minsignal_dbm": -90,
        "n_measurements": 6,
        "n_violations": 6,
        "violation_share": 1.0,
        "avg_measured_dbm": -110.8,
        "worst_measured_dbm": -112.0,
        "avg_gap_db": -20.83,
        "worst_gap_db": -22.0
      }
    },
    {
      "type": "Feature",
      "geometry": {
        "type": "Polygon",
        "coordinates": [
          [
            [
              -81.706999,
              32.397119
            ],
            [
              -81.70889,
              32.397652
            ],
            [
              -81.709397,
              32.39941
            ],
            [
              -81.708013,
              32.400635
            ],
            [
              -81.706121,
              32.400101
            ],
            [
              -81.705614,
              32.398344
            ],
            [
              -81.706999,
              32.397119
            ]
          ]
        ]
      },
      "properties": {
        "h3_res9_id": "8944d5a0127ffff",
        "claimed_minsignal_dbm": -90,
        "n_measurements": 14,
        "n_violations": 14,
        "violation_share": 1.0,
        "avg_measured_dbm": -109.9,
        "worst_measured_dbm": -111.0,
        "avg_gap_db": -19.93,
        "worst_gap_db": -21.0
      }
    },
    {
      "type": "Feature",
      "geometry": {
        "type": "Polygon",
        "coordinates": [
          [
            [
              -81.675839,
              32.367336
            ],
            [
              -81.677729,
              32.367869
            ],
            [
              -81.678235,
              32.369627
            ],
            [
              -81.676851,
              32.370851
            ],
            [
              -81.674961,
              32.370318
            ],
            [
              -81.674455,
              32.36856
            ],
            [
              -81.675839,
              32.367336
            ]
          ]
        ]
      },
      "properties": {
        "h3_res9_id": "8944d5a0053ffff",
        "claimed_minsignal_dbm": -80,
        "n_measurements": 7,
        "n_violations": 7,
        "violation_share": 1.0,
        "avg_measured_dbm": -98.6,
        "worst_measured_dbm": -101.0,
        "avg_gap_db": -18.57,
        "worst_gap_db": -21.0
      }
    },
    {
      "type": "Feature",
      "geometry": {
        "type": "Polygon",
        "coordinates": [
          [
            [
              -81.724434,
              32.421413
            ],
            [
              -81.726326,
              32.421946
            ],
            [
              -81.726834,
              32.423704
            ],
            [
              -81.725449,
              32.424929
            ],
            [
              -81.723557,
              32.424396
            ],
            [
              -81.723049,
              32.422638
            ],
            [
              -81.724434,
              32.421413
            ]
          ]
        ]
      },
      "properties": {
        "h3_res9_id": "8944d5a0d4fffff",
        "claimed_minsignal_dbm": -90,
        "n_measurements": 3,
        "n_violations": 3,
        "violation_share": 1.0,
        "avg_measured_dbm": -111.0,
        "worst_measured_dbm": -111.0,
        "avg_gap_db": -21.0,
        "worst_gap_db": -21.0
      }
    },
    {
      "type": "Feature",
      "geometry": {
        "type": "Polygon",
        "coordinates": [
          [
            [
              -81.709397,
              32.39941
            ],
            [
              -81.711288,
              32.399943
            ],
            [
              -81.711795,
              32.401701
            ],
            [
              -81.710411,
              32.402926
            ],
            [
              -81.708519,
              32.402392
            ],
            [
              -81.708013,
              32.400635
            ],
            [
              -81.709397,
              32.39941
            ]
          ]
        ]
      },
      "properties": {
        "h3_res9_id": "8944d5a0c53ffff",
        "claimed_minsignal_dbm": -90,
        "n_measurements": 6,
        "n_violations": 6,
        "violation_share": 1.0,
        "avg_measured_dbm": -108.3,
        "worst_measured_dbm": -111.0,
        "avg_gap_db": -18.33,
        "worst_gap_db": -21.0
      }
    },
    {
      "type": "Feature",
      "geometry": {
        "type": "Polygon",
        "coordinates": [
          [
            [
              -81.674961,
              32.370318
            ],
            [
              -81.676851,
              32.370851
            ],
            [
              -81.677357,
              32.372609
            ],
            [
              -81.675973,
              32.373833
            ],
            [
              -81.674083,
              32.3733
            ],
            [
              -81.673577,
              32.371542
            ],
            [
              -81.674961,
              32.370318
            ]
          ]
        ]
      },
      "properties": {
        "h3_res9_id": "8944d5a0043ffff",
        "claimed_minsignal_dbm": -80,
        "n_measurements": 5,
        "n_violations": 5,
        "violation_share": 1.0,
        "avg_measured_dbm": -100.4,
        "worst_measured_dbm": -101.0,
        "avg_gap_db": -20.4,
        "worst_gap_db": -21.0
      }
    },
    {
      "type": "Feature",
      "geometry": {
        "type": "Polygon",
        "coordinates": [
          [
            [
              -81.75084,
              32.446617
            ],
            [
              -81.752734,
              32.44715
            ],
            [
              -81.753242,
              32.448908
            ],
            [
              -81.751856,
              32.450133
            ],
            [
              -81.749963,
              32.4496
            ],
            [
              -81.749455,
              32.447842
            ],
            [
              -81.75084,
              32.446617
            ]
          ]
        ]
      },
      "properties": {
        "h3_res9_id": "8944d5a5493ffff",
        "claimed_minsignal_dbm": -90,
        "n_measurements": 3,
        "n_violations": 3,
        "violation_share": 1.0,
        "avg_measured_dbm": -98.3,
        "worst_measured_dbm": -111.0,
        "avg_gap_db": -8.33,
        "worst_gap_db": -21.0
      }
    },
    {
      "type": "Feature",
      "geometry": {
        "type": "Polygon",
        "coordinates": [
          [
            [
              -81.727012,
              32.454437
            ],
            [
              -81.728905,
              32.45497
            ],
            [
              -81.729413,
              32.456728
            ],
            [
              -81.728028,
              32.457952
            ],
            [
              -81.726135,
              32.457419
            ],
            [
              -81.725627,
              32.455661
            ],
            [
              -81.727012,
              32.454437
            ]
          ]
        ]
      },
      "properties": {
        "h3_res9_id": "8944d5a5683ffff",
        "claimed_minsignal_dbm": -100,
        "n_measurements": 5,
        "n_violations": 5,
        "violation_share": 1.0,
        "avg_measured_dbm": -117.4,
        "worst_measured_dbm": -121.0,
        "avg_gap_db": -17.4,
        "worst_gap_db": -21.0
      }
    },
    {
      "type": "Feature",
      "geometry": {
        "type": "Polygon",
        "coordinates": [
          [
            [
              -81.753702,
              32.426428
            ],
            [
              -81.755596,
              32.426961
            ],
            [
              -81.756104,
              32.428719
            ],
            [
              -81.754718,
              32.429944
            ],
            [
              -81.752825,
              32.429411
            ],
            [
              -81.752317,
              32.427653
            ],
            [
              -81.753702,
              32.426428
            ]
          ]
        ]
      },
      "properties": {
        "h3_res9_id": "8944d5a729bffff",
        "claimed_minsignal_dbm": -70,
        "n_measurements": 7,
        "n_violations": 7,
        "violation_share": 1.0,
        "avg_measured_dbm": -83.3,
        "worst_measured_dbm": -91.0,
        "avg_gap_db": -13.29,
        "worst_gap_db": -21.0
      }
    },
    {
      "type": "Feature",
      "geometry": {
        "type": "Polygon",
        "coordinates": [
          [
            [
              -81.660828,
              32.459972
            ],
            [
              -81.662719,
              32.460507
            ],
            [
              -81.663225,
              32.462264
            ],
            [
              -81.66184,
              32.463487
            ],
            [
              -81.659949,
              32.462953
            ],
            [
              -81.659443,
              32.461195
            ],
            [
              -81.660828,
              32.459972
            ]
          ]
        ]
      },
      "properties": {
        "h3_res9_id": "8944d5ae63bffff",
        "claimed_minsignal_dbm": -90,
        "n_measurements": 5,
        "n_violations": 5,
        "violation_share": 1.0,
        "avg_measured_dbm": -101.4,
        "worst_measured_dbm": -111.0,
        "avg_gap_db": -11.4,
        "worst_gap_db": -21.0
      }
    },
    {
      "type": "Feature",
      "geometry": {
        "type": "Polygon",
        "coordinates": [
          [
            [
              -81.743501,
              32.367024
            ],
            [
              -81.745393,
              32.367556
            ],
            [
              -81.7459,
              32.369315
            ],
            [
              -81.744516,
              32.37054
            ],
            [
              -81.742624,
              32.370008
            ],
            [
              -81.742116,
              32.36825
            ],
            [
              -81.743501,
              32.367024
            ]
          ]
        ]
      },
      "properties": {
        "h3_res9_id": "8944d5a28d3ffff",
        "claimed_minsignal_dbm": -90,
        "n_measurements": 5,
        "n_violations": 5,
        "violation_share": 1.0,
        "avg_measured_dbm": -105.6,
        "worst_measured_dbm": -111.0,
        "avg_gap_db": -15.6,
        "worst_gap_db": -21.0
      }
    },
    {
      "type": "Feature",
      "geometry": {
        "type": "Polygon",
        "coordinates": [
          [
            [
              -81.742624,
              32.370008
            ],
            [
              -81.744516,
              32.37054
            ],
            [
              -81.745023,
              32.372298
            ],
            [
              -81.743639,
              32.373524
            ],
            [
              -81.741747,
              32.372991
            ],
            [
              -81.74124,
              32.371233
            ],
            [
              -81.742624,
              32.370008
            ]
          ]
        ]
      },
      "properties": {
        "h3_res9_id": "8944d5a28c3ffff",
        "claimed_minsignal_dbm": -90,
        "n_measurements": 9,
        "n_violations": 9,
        "violation_share": 1.0,
        "avg_measured_dbm": -107.3,
        "worst_measured_dbm": -111.0,
        "avg_gap_db": -17.33,
        "worst_gap_db": -21.0
      }
    },
    {
      "type": "Feature",
      "geometry": {
        "type": "Polygon",
        "coordinates": [
          [
            [
              -81.765711,
              32.437884
            ],
            [
              -81.767605,
              32.438417
            ],
            [
              -81.768113,
              32.440175
            ],
            [
              -81.766728,
              32.4414
            ],
            [
              -81.764834,
              32.440867
            ],
            [
              -81.764325,
              32.439109
            ],
            [
              -81.765711,
              32.437884
            ]
          ]
        ]
      },
      "properties": {
        "h3_res9_id": "8944d5a706bffff",
        "claimed_minsignal_dbm": -90,
        "n_measurements": 28,
        "n_violations": 28,
        "violation_share": 1.0,
        "avg_measured_dbm": -103.9,
        "worst_measured_dbm": -111.0,
        "avg_gap_db": -13.89,
        "worst_gap_db": -21.0
      }
    },
    {
      "type": "Feature",
      "geometry": {
        "type": "Polygon",
        "coordinates": [
          [
            [
              -81.730111,
              32.423013
            ],
            [
              -81.732004,
              32.423546
            ],
            [
              -81.732511,
              32.425304
            ],
            [
              -81.731126,
              32.426529
            ],
            [
              -81.729234,
              32.425996
            ],
            [
              -81.728726,
              32.424238
            ],
            [
              -81.730111,
              32.423013
            ]
          ]
        ]
      },
      "properties": {
        "h3_res9_id": "8944d5a0d73ffff",
        "claimed_minsignal_dbm": -90,
        "n_measurements": 5,
        "n_violations": 5,
        "violation_share": 1.0,
        "avg_measured_dbm": -110.8,
        "worst_measured_dbm": -111.0,
        "avg_gap_db": -20.8,
        "worst_gap_db": -21.0
      }
    },
    {
      "type": "Feature",
      "geometry": {
        "type": "Polygon",
        "coordinates": [
          [
            [
              -81.764186,
              32.432609
            ],
            [
              -81.766079,
              32.433142
            ],
            [
              -81.766588,
              32.4349
            ],
            [
              -81.765202,
              32.436126
            ],
            [
              -81.763309,
              32.435593
            ],
            [
              -81.7628,
              32.433834
            ],
            [
              -81.764186,
              32.432609
            ]
          ]
        ]
      },
      "properties": {
        "h3_res9_id": "8944d5a704fffff",
        "claimed_minsignal_dbm": -70,
        "n_measurements": 5,
        "n_violations": 5,
        "violation_share": 1.0,
        "avg_measured_dbm": -88.8,
        "worst_measured_dbm": -90.0,
        "avg_gap_db": -18.8,
        "worst_gap_db": -20.0
      }
    },
    {
      "type": "Feature",
      "geometry": {
        "type": "Polygon",
        "coordinates": [
          [
            [
              -81.753516,
              32.395687
            ],
            [
              -81.755409,
              32.39622
            ],
            [
              -81.755917,
              32.397978
            ],
            [
              -81.754532,
              32.399204
            ],
            [
              -81.752639,
              32.398671
            ],
            [
              -81.752131,
              32.396913
            ],
            [
              -81.753516,
              32.395687
            ]
          ]
        ]
      },
      "properties": {
        "h3_res9_id": "8944d5a294fffff",
        "claimed_minsignal_dbm": -90,
        "n_measurements": 12,
        "n_violations": 12,
        "violation_share": 1.0,
        "avg_measured_dbm": -103.2,
        "worst_measured_dbm": -110.0,
        "avg_gap_db": -13.25,
        "worst_gap_db": -20.0
      }
    },
    {
      "type": "Feature",
      "geometry": {
        "type": "Polygon",
        "coordinates": [
          [
            [
              -81.753933,
              32.415187
            ],
            [
              -81.755826,
              32.41572
            ],
            [
              -81.756334,
              32.417478
            ],
            [
              -81.754949,
              32.418703
            ],
            [
              -81.753056,
              32.41817
            ],
            [
              -81.752548,
              32.416412
            ],
            [
              -81.753933,
              32.415187
            ]
          ]
        ]
      },
      "properties": {
        "h3_res9_id": "8944d5a760bffff",
        "claimed_minsignal_dbm": -90,
        "n_measurements": 4,
        "n_violations": 4,
        "violation_share": 1.0,
        "avg_measured_dbm": -110.0,
        "worst_measured_dbm": -110.0,
        "avg_gap_db": -20.0,
        "worst_gap_db": -20.0
      }
    },
    {
      "type": "Feature",
      "geometry": {
        "type": "Polygon",
        "coordinates": [
          [
            [
              -81.831314,
              32.424018
            ],
            [
              -81.833209,
              32.42455
            ],
            [
              -81.833719,
              32.426309
            ],
            [
              -81.832334,
              32.427535
            ],
            [
              -81.830438,
              32.427003
            ],
            [
              -81.829928,
              32.425244
            ],
            [
              -81.831314,
              32.424018
            ]
          ]
        ]
      },
      "properties": {
        "h3_res9_id": "8944d5a66a7ffff",
        "claimed_minsignal_dbm": -80,
        "n_measurements": 7,
        "n_violations": 7,
        "violation_share": 1.0,
        "avg_measured_dbm": -99.6,
        "worst_measured_dbm": -100.0,
        "avg_gap_db": -19.57,
        "worst_gap_db": -20.0
      }
    },
    {
      "type": "Feature",
      "geometry": {
        "type": "Polygon",
        "coordinates": [
          [
            [
              -81.683049,
              32.488851
            ],
            [
              -81.684942,
              32.489386
            ],
            [
              -81.685448,
              32.491143
            ],
            [
              -81.684063,
              32.492366
            ],
            [
              -81.682171,
              32.491832
            ],
            [
              -81.681664,
              32.490074
            ],
            [
              -81.683049,
              32.488851
            ]
          ]
        ]
      },
      "properties": {
        "h3_res9_id": "8944d5ae14fffff",
        "claimed_minsignal_dbm": -90,
        "n_measurements": 9,
        "n_violations": 9,
        "violation_share": 1.0,
        "avg_measured_dbm": -109.1,
        "worst_measured_dbm": -110.0,
        "avg_gap_db": -19.11,
        "worst_gap_db": -20.0
      }
    },
    {
      "type": "Feature",
      "geometry": {
        "type": "Polygon",
        "coordinates": [
          [
            [
              -81.704836,
              32.383589
            ],
            [
              -81.706727,
              32.384123
            ],
            [
              -81.707234,
              32.38588
            ],
            [
              -81.705849,
              32.387105
            ],
            [
              -81.703958,
              32.386572
            ],
            [
              -81.703452,
              32.384814
            ],
            [
              -81.704836,
              32.383589
            ]
          ]
        ]
      },
      "properties": {
        "h3_res9_id": "8944d5a018fffff",
        "claimed_minsignal_dbm": -90,
        "n_measurements": 5,
        "n_violations": 5,
        "violation_share": 1.0,
        "avg_measured_dbm": -107.6,
        "worst_measured_dbm": -110.0,
        "avg_gap_db": -17.6,
        "worst_gap_db": -20.0
      }
    },
    {
      "type": "Feature",
      "geometry": {
        "type": "Polygon",
        "coordinates": [
          [
            [
              -81.677119,
              32.383845
            ],
            [
              -81.679009,
              32.384379
            ],
            [
              -81.679515,
              32.386137
            ],
            [
              -81.678131,
              32.387361
            ],
            [
              -81.676241,
              32.386827
            ],
            [
              -81.675735,
              32.38507
            ],
            [
              -81.677119,
              32.383845
            ]
          ]
        ]
      },
      "properties": {
        "h3_res9_id": "8944d5a03d7ffff",
        "claimed_minsignal_dbm": -90,
        "n_measurements": 4,
        "n_violations": 4,
        "violation_share": 1.0,
        "avg_measured_dbm": -109.0,
        "worst_measured_dbm": -109.0,
        "avg_gap_db": -19.0,
        "worst_gap_db": -19.0
      }
    },
    {
      "type": "Feature",
      "geometry": {
        "type": "Polygon",
        "coordinates": [
          [
            [
              -81.678235,
              32.369627
            ],
            [
              -81.680125,
              32.37016
            ],
            [
              -81.680631,
              32.371918
            ],
            [
              -81.679247,
              32.373142
            ],
            [
              -81.677357,
              32.372609
            ],
            [
              -81.676851,
              32.370851
            ],
            [
              -81.678235,
              32.369627
            ]
          ]
        ]
      },
      "properties": {
        "h3_res9_id": "8944d5a0057ffff",
        "claimed_minsignal_dbm": -80,
        "n_measurements": 6,
        "n_violations": 6,
        "violation_share": 1.0,
        "avg_measured_dbm": -95.3,
        "worst_measured_dbm": -99.0,
        "avg_gap_db": -15.33,
        "worst_gap_db": -19.0
      }
    },
    {
      "type": "Feature",
      "geometry": {
        "type": "Polygon",
        "coordinates": [
          [
            [
              -81.744099,
              32.417263
            ],
            [
              -81.745992,
              32.417796
            ],
            [
              -81.746499,
              32.419554
            ],
            [
              -81.745114,
              32.42078
            ],
            [
              -81.743222,
              32.420246
            ],
            [
              -81.742714,
              32.418488
            ],
            [
              -81.744099,
              32.417263
            ]
          ]
        ]
      },
      "properties": {
        "h3_res9_id": "8944d5a0db3ffff",
        "claimed_minsignal_dbm": -90,
        "n_measurements": 5,
        "n_violations": 5,
        "violation_share": 1.0,
        "avg_measured_dbm": -109.0,
        "worst_measured_dbm": -109.0,
        "avg_gap_db": -19.0,
        "worst_gap_db": -19.0
      }
    },
    {
      "type": "Feature",
      "geometry": {
        "type": "Polygon",
        "coordinates": [
          [
            [
              -81.726888,
              32.381729
            ],
            [
              -81.72878,
              32.382262
            ],
            [
              -81.729287,
              32.38402
            ],
            [
              -81.727903,
              32.385245
            ],
            [
              -81.726011,
              32.384712
            ],
            [
              -81.725504,
              32.382954
            ],
            [
              -81.726888,
              32.381729
            ]
          ]
        ]
      },
      "properties": {
        "h3_res9_id": "8944d5a2a17ffff",
        "claimed_minsignal_dbm": -90,
        "n_measurements": 7,
        "n_violations": 7,
        "violation_share": 1.0,
        "avg_measured_dbm": -103.9,
        "worst_measured_dbm": -109.0,
        "avg_gap_db": -13.86,
        "worst_gap_db": -19.0
      }
    },
    {
      "type": "Feature",
      "geometry": {
        "type": "Polygon",
        "coordinates": [
          [
            [
              -81.663384,
              32.378353
            ],
            [
              -81.665273,
              32.378887
            ],
            [
              -81.665779,
              32.380644
            ],
            [
              -81.664395,
              32.381868
            ],
            [
              -81.662505,
              32.381335
            ],
            [
              -81.662,
              32.379577
            ],
            [
              -81.663384,
              32.378353
            ]
          ]
        ]
      },
      "properties": {
        "h3_res9_id": "8944d5a0207ffff",
        "claimed_minsignal_dbm": -90,
        "n_measurements": 14,
        "n_violations": 14,
        "violation_share": 1.0,
        "avg_measured_dbm": -106.4,
        "worst_measured_dbm": -109.0,
        "avg_gap_db": -16.43,
        "worst_gap_db": -19.0
      }
    },
    {
      "type": "Feature",
      "geometry": {
        "type": "Polygon",
        "coordinates": [
          [
            [
              -81.768113,
              32.440175
            ],
            [
              -81.770007,
              32.440708
            ],
            [
              -81.770515,
              32.442466
            ],
            [
              -81.76913,
              32.443691
            ],
            [
              -81.767236,
              32.443158
            ],
            [
              -81.766728,
              32.4414
            ],
            [
              -81.768113,
              32.440175
            ]
          ]
        ]
      },
      "properties": {
        "h3_res9_id": "8944d5a706fffff",
        "claimed_minsignal_dbm": -90,
        "n_measurements": 12,
        "n_violations": 12,
        "violation_share": 1.0,
        "avg_measured_dbm": -105.5,
        "worst_measured_dbm": -109.0,
        "avg_gap_db": -15.5,
        "worst_gap_db": -19.0
      }
    },
    {
      "type": "Feature",
      "geometry": {
        "type": "Polygon",
        "coordinates": [
          [
            [
              -81.744146,
              32.375282
            ],
            [
              -81.746039,
              32.375815
            ],
            [
              -81.746546,
              32.377573
            ],
            [
              -81.745162,
              32.378799
            ],
            [
              -81.74327,
              32.378266
            ],
            [
              -81.742762,
              32.376508
            ],
            [
              -81.744146,
              32.375282
            ]
          ]
        ]
      },
      "properties": {
        "h3_res9_id": "8944d5a281bffff",
        "claimed_minsignal_dbm": -90,
        "n_measurements": 6,
        "n_violations": 6,
        "violation_share": 1.0,
        "avg_measured_dbm": -105.0,
        "worst_measured_dbm": -108.0,
        "avg_gap_db": -15.0,
        "worst_gap_db": -18.0
      }
    },
    {
      "type": "Feature",
      "geometry": {
        "type": "Polygon",
        "coordinates": [
          [
            [
              -81.741747,
              32.372991
            ],
            [
              -81.743639,
              32.373524
            ],
            [
              -81.744146,
              32.375282
            ],
            [
              -81.742762,
              32.376508
            ],
            [
              -81.74087,
              32.375975
            ],
            [
              -81.740363,
              32.374217
            ],
            [
              -81.741747,
              32.372991
            ]
          ]
        ]
      },
      "properties": {
        "h3_res9_id": "8944d5a28cfffff",
        "claimed_minsignal_dbm": -90,
        "n_measurements": 7,
        "n_violations": 7,
        "violation_share": 1.0,
        "avg_measured_dbm": -106.9,
        "worst_measured_dbm": -108.0,
        "avg_gap_db": -16.86,
        "worst_gap_db": -18.0
      }
    },
    {
      "type": "Feature",
      "geometry": {
        "type": "Polygon",
        "coordinates": [
          [
            [
              -81.826281,
              32.430682
            ],
            [
              -81.828176,
              32.431215
            ],
            [
              -81.828686,
              32.432973
            ],
            [
              -81.8273,
              32.4342
            ],
            [
              -81.825405,
              32.433667
            ],
            [
              -81.824895,
              32.431909
            ],
            [
              -81.826281,
              32.430682
            ]
          ]
        ]
      },
      "properties": {
        "h3_res9_id": "8944d5a6627ffff",
        "claimed_minsignal_dbm": -90,
        "n_measurements": 8,
        "n_violations": 8,
        "violation_share": 1.0,
        "avg_measured_dbm": -105.5,
        "worst_measured_dbm": -108.0,
        "avg_gap_db": -15.5,
        "worst_gap_db": -18.0
      }
    },
    {
      "type": "Feature",
      "geometry": {
        "type": "Polygon",
        "coordinates": [
          [
            [
              -81.75458,
              32.423445
            ],
            [
              -81.756473,
              32.423978
            ],
            [
              -81.756981,
              32.425736
            ],
            [
              -81.755596,
              32.426961
            ],
            [
              -81.753702,
              32.426428
            ],
            [
              -81.753194,
              32.42467
            ],
            [
              -81.75458,
              32.423445
            ]
          ]
        ]
      },
      "properties": {
        "h3_res9_id": "8944d5a7667ffff",
        "claimed_minsignal_dbm": -90,
        "n_measurements": 8,
        "n_violations": 8,
        "violation_share": 1.0,
        "avg_measured_dbm": -106.0,
        "worst_measured_dbm": -108.0,
        "avg_gap_db": -16.0,
        "worst_gap_db": -18.0
      }
    },
    {
      "type": "Feature",
      "geometry": {
        "type": "Polygon",
        "coordinates": [
          [
            [
              -81.754349,
              32.434685
            ],
            [
              -81.756243,
              32.435218
            ],
            [
              -81.756751,
              32.436977
            ],
            [
              -81.755366,
              32.438201
            ],
            [
              -81.753472,
              32.437668
            ],
            [
              -81.752964,
              32.43591
            ],
            [
              -81.754349,
              32.434685
            ]
          ]
        ]
      },
      "properties": {
        "h3_res9_id": "8944d5a7217ffff",
        "claimed_minsignal_dbm": -70,
        "n_measurements": 5,
        "n_violations": 5,
        "violation_share": 1.0,
        "avg_measured_dbm": -88.0,
        "worst_measured_dbm": -88.0,
        "avg_gap_db": -18.0,
        "worst_gap_db": -18.0
      }
    },
    {
      "type": "Feature",
      "geometry": {
        "type": "Polygon",
        "coordinates": [
          [
            [
              -81.666262,
              32.472808
            ],
            [
              -81.668153,
              32.473343
            ],
            [
              -81.668659,
              32.4751
            ],
            [
              -81.667274,
              32.476323
            ],
            [
              -81.665383,
              32.475788
            ],
            [
              -81.664876,
              32.474031
            ],
            [
              -81.666262,
              32.472808
            ]
          ]
        ]
      },
      "properties": {
        "h3_res9_id": "8944d5ae04fffff",
        "claimed_minsignal_dbm": -90,
        "n_measurements": 5,
        "n_violations": 5,
        "violation_share": 1.0,
        "avg_measured_dbm": -105.0,
        "worst_measured_dbm": -107.0,
        "avg_gap_db": -15.0,
        "worst_gap_db": -17.0
      }
    },
    {
      "type": "Feature",
      "geometry": {
        "type": "Polygon",
        "coordinates": [
          [
            [
              -81.742855,
              32.358765
            ],
            [
              -81.744747,
              32.359298
            ],
            [
              -81.745254,
              32.361056
            ],
            [
              -81.74387,
              32.362282
            ],
            [
              -81.741978,
              32.361749
            ],
            [
              -81.741471,
              32.359991
            ],
            [
              -81.742855,
              32.358765
            ]
          ]
        ]
      },
      "properties": {
        "h3_res9_id": "8944d5a2c4fffff",
        "claimed_minsignal_dbm": -90,
        "n_measurements": 8,
        "n_violations": 8,
        "violation_share": 1.0,
        "avg_measured_dbm": -101.5,
        "worst_measured_dbm": -107.0,
        "avg_gap_db": -11.5,
        "worst_gap_db": -17.0
      }
    },
    {
      "type": "Feature",
      "geometry": {
        "type": "Polygon",
        "coordinates": [
          [
            [
              -81.759842,
              32.405544
            ],
            [
              -81.761735,
              32.406077
            ],
            [
              -81.762243,
              32.407835
            ],
            [
              -81.760858,
              32.40906
            ],
            [
              -81.758965,
              32.408528
            ],
            [
              -81.758457,
              32.406769
            ],
            [
              -81.759842,
              32.405544
            ]
          ]
        ]
      },
      "properties": {
        "h3_res9_id": "8944d5a769bffff",
        "claimed_minsignal_dbm": -90,
        "n_measurements": 3,
        "n_violations": 3,
        "violation_share": 1.0,
        "avg_measured_dbm": -106.0,
        "worst_measured_dbm": -106.0,
        "avg_gap_db": -16.0,
        "worst_gap_db": -16.0
      }
    },
    {
      "type": "Feature",
      "geometry": {
        "type": "Polygon",
        "coordinates": [
          [
            [
              -81.745207,
              32.40304
            ],
            [
              -81.7471,
              32.403572
            ],
            [
              -81.747608,
              32.405331
            ],
            [
              -81.746223,
              32.406556
            ],
            [
              -81.74433,
              32.406023
            ],
            [
              -81.743822,
              32.404265
            ],
            [
              -81.745207,
              32.40304
            ]
          ]
        ]
      },
      "properties": {
        "h3_res9_id": "8944d5a2b33ffff",
        "claimed_minsignal_dbm": -90,
        "n_measurements": 16,
        "n_violations": 16,
        "violation_share": 1.0,
        "avg_measured_dbm": -102.0,
        "worst_measured_dbm": -106.0,
        "avg_gap_db": -12.0,
        "worst_gap_db": -16.0
      }
    },
    {
      "type": "Feature",
      "geometry": {
        "type": "Polygon",
        "coordinates": [
          [
            [
              -81.678564,
              32.431079
            ],
            [
              -81.680455,
              32.431613
            ],
            [
              -81.680961,
              32.433371
            ],
            [
              -81.679576,
              32.434594
            ],
            [
              -81.677685,
              32.434061
            ],
            [
              -81.677179,
              32.432303
            ],
            [
              -81.678564,
              32.431079
            ]
          ]
        ]
      },
      "properties": {
        "h3_res9_id": "8944d5a0a4fffff",
        "claimed_minsignal_dbm": -90,
        "n_measurements": 4,
        "n_violations": 4,
        "violation_share": 1.0,
        "avg_measured_dbm": -105.2,
        "worst_measured_dbm": -106.0,
        "avg_gap_db": -15.25,
        "worst_gap_db": -16.0
      }
    },
    {
      "type": "Feature",
      "geometry": {
        "type": "Polygon",
        "coordinates": [
          [
            [
              -81.683905,
              32.371226
            ],
            [
              -81.685795,
              32.37176
            ],
            [
              -81.686301,
              32.373517
            ],
            [
              -81.684917,
              32.374742
            ],
            [
              -81.683027,
              32.374209
            ],
            [
              -81.682521,
              32.372451
            ],
            [
              -81.683905,
              32.371226
            ]
          ]
        ]
      },
      "properties": {
        "h3_res9_id": "8944d5a0003ffff",
        "claimed_minsignal_dbm": -90,
        "n_measurements": 5,
        "n_violations": 5,
        "violation_share": 1.0,
        "avg_measured_dbm": -95.4,
        "worst_measured_dbm": -105.0,
        "avg_gap_db": -5.4,
        "worst_gap_db": -15.0
      }
    },
    {
      "type": "Feature",
      "geometry": {
        "type": "Polygon",
        "coordinates": [
          [
            [
              -81.786718,
              32.408258
            ],
            [
              -81.788612,
              32.40879
            ],
            [
              -81.789121,
              32.410549
            ],
            [
              -81.787735,
              32.411775
            ],
            [
              -81.785841,
              32.411242
            ],
            [
              -81.785333,
              32.409484
            ],
            [
              -81.786718,
              32.408258
            ]
          ]
        ]
      },
      "properties": {
        "h3_res9_id": "8944d5a74bbffff",
        "claimed_minsignal_dbm": -90,
        "n_measurements": 24,
        "n_violations": 20,
        "violation_share": 0.8333,
        "avg_measured_dbm": -99.7,
        "worst_measured_dbm": -104.0,
        "avg_gap_db": -11.6,
        "worst_gap_db": -14.0
      }
    },
    {
      "type": "Feature",
      "geometry": {
        "type": "Polygon",
        "coordinates": [
          [
            [
              -81.752595,
              32.440651
            ],
            [
              -81.754488,
              32.441185
            ],
            [
              -81.754996,
              32.442943
            ],
            [
              -81.753611,
              32.444167
            ],
            [
              -81.751718,
              32.443634
            ],
            [
              -81.751209,
              32.441876
            ],
            [
              -81.752595,
              32.440651
            ]
          ]
        ]
      },
      "properties": {
        "h3_res9_id": "8944d5a723bffff",
        "claimed_minsignal_dbm": -80,
        "n_measurements": 4,
        "n_violations": 1,
        "violation_share": 0.25,
        "avg_measured_dbm": -82.2,
        "worst_measured_dbm": -92.0,
        "avg_gap_db": -12.0,
        "worst_gap_db": -12.0
      }
    },
    {
      "type": "Feature",
      "geometry": {
        "type": "Polygon",
        "coordinates": [
          [
            [
              -81.690858,
              32.389337
            ],
            [
              -81.692749,
              32.38987
            ],
            [
              -81.693255,
              32.391628
            ],
            [
              -81.691871,
              32.392852
            ],
            [
              -81.68998,
              32.392319
            ],
            [
              -81.689474,
              32.390561
            ],
            [
              -81.690858,
              32.389337
            ]
          ]
        ]
      },
      "properties": {
        "h3_res9_id": "8944d5a014fffff",
        "claimed_minsignal_dbm": -90,
        "n_measurements": 3,
        "n_violations": 3,
        "violation_share": 1.0,
        "avg_measured_dbm": -102.0,
        "worst_measured_dbm": -102.0,
        "avg_gap_db": -12.0,
        "worst_gap_db": -12.0
      }
    },
    {
      "type": "Feature",
      "geometry": {
        "type": "Polygon",
        "coordinates": [
          [
            [
              -81.691736,
              32.386355
            ],
            [
              -81.693626,
              32.386888
            ],
            [
              -81.694133,
              32.388646
            ],
            [
              -81.692749,
              32.38987
            ],
            [
              -81.690858,
              32.389337
            ],
            [
              -81.690352,
              32.387579
            ],
            [
              -81.691736,
              32.386355
            ]
          ]
        ]
      },
      "properties": {
        "h3_res9_id": "8944d5a0143ffff",
        "claimed_minsignal_dbm": -90,
        "n_measurements": 3,
        "n_violations": 3,
        "violation_share": 1.0,
        "avg_measured_dbm": -102.0,
        "worst_measured_dbm": -102.0,
        "avg_gap_db": -12.0,
        "worst_gap_db": -12.0
      }
    },
    {
      "type": "Feature",
      "geometry": {
        "type": "Polygon",
        "coordinates": [
          [
            [
              -81.751718,
              32.443634
            ],
            [
              -81.753611,
              32.444167
            ],
            [
              -81.754119,
              32.445925
            ],
            [
              -81.752734,
              32.44715
            ],
            [
              -81.75084,
              32.446617
            ],
            [
              -81.750332,
              32.444859
            ],
            [
              -81.751718,
              32.443634
            ]
          ]
        ]
      },
      "properties": {
        "h3_res9_id": "8944d5a722bffff",
        "claimed_minsignal_dbm": -80,
        "n_measurements": 4,
        "n_violations": 4,
        "violation_share": 1.0,
        "avg_measured_dbm": -92.0,
        "worst_measured_dbm": -92.0,
        "avg_gap_db": -12.0,
        "worst_gap_db": -12.0
      }
    },
    {
      "type": "Feature",
      "geometry": {
        "type": "Polygon",
        "coordinates": [
          [
            [
              -81.695011,
              32.385664
            ],
            [
              -81.696901,
              32.386197
            ],
            [
              -81.697408,
              32.387955
            ],
            [
              -81.696024,
              32.389179
            ],
            [
              -81.694133,
              32.388646
            ],
            [
              -81.693626,
              32.386888
            ],
            [
              -81.695011,
              32.385664
            ]
          ]
        ]
      },
      "properties": {
        "h3_res9_id": "8944d5a0157ffff",
        "claimed_minsignal_dbm": -90,
        "n_measurements": 3,
        "n_violations": 3,
        "violation_share": 1.0,
        "avg_measured_dbm": -97.0,
        "worst_measured_dbm": -97.0,
        "avg_gap_db": -7.0,
        "worst_gap_db": -7.0
      }
    }
  ]
}